date,station name,val
1949-01-01,ZAFIT JUNCTION,
1950-01-01,ZAFIT JUNCTION,
1951-01-01,ZAFIT JUNCTION,
1952-01-01,ZAFIT JUNCTION,
1953-01-01,ZAFIT JUNCTION,
1954-01-01,ZAFIT JUNCTION,96.0
1955-01-01,ZAFIT JUNCTION,82.0
1956-01-01,ZAFIT JUNCTION,68.00816326530612
1957-01-01,ZAFIT JUNCTION,68.00816326530612
1958-01-01,ZAFIT JUNCTION,63.0
1959-01-01,ZAFIT JUNCTION,29.0
1960-01-01,ZAFIT JUNCTION,97.0
1961-01-01,ZAFIT JUNCTION,48.0
1962-01-01,ZAFIT JUNCTION,32.0
1963-01-01,ZAFIT JUNCTION,96.0
1964-01-01,ZAFIT JUNCTION,128.0
1965-01-01,ZAFIT JUNCTION,54.5
1966-01-01,ZAFIT JUNCTION,66.2
1967-01-01,ZAFIT JUNCTION,88.2
1968-01-01,ZAFIT JUNCTION,63.0
1969-01-01,ZAFIT JUNCTION,44.0
1970-01-01,ZAFIT JUNCTION,105.0
1971-01-01,ZAFIT JUNCTION,99.0
1972-01-01,ZAFIT JUNCTION,42.0
1973-01-01,ZAFIT JUNCTION,135.0
1974-01-01,ZAFIT JUNCTION,68.00816326530612
1975-01-01,ZAFIT JUNCTION,71.0
1976-01-01,ZAFIT JUNCTION,42.0
1977-01-01,ZAFIT JUNCTION,20.5
1978-01-01,ZAFIT JUNCTION,47.0
1979-01-01,ZAFIT JUNCTION,120.0
1980-01-01,ZAFIT JUNCTION,137.0
1981-01-01,ZAFIT JUNCTION,26.0
1982-01-01,ZAFIT JUNCTION,85.0
1983-01-01,ZAFIT JUNCTION,29.0
1984-01-01,ZAFIT JUNCTION,54.0
1985-01-01,ZAFIT JUNCTION,77.0
1986-01-01,ZAFIT JUNCTION,68.00816326530612
1987-01-01,ZAFIT JUNCTION,68.00816326530612
1988-01-01,ZAFIT JUNCTION,71.0
1989-01-01,ZAFIT JUNCTION,86.0
1990-01-01,ZAFIT JUNCTION,61.0
1991-01-01,ZAFIT JUNCTION,64.0
1992-01-01,ZAFIT JUNCTION,30.0
1993-01-01,ZAFIT JUNCTION,71.0
1994-01-01,ZAFIT JUNCTION,117.0
1995-01-01,ZAFIT JUNCTION,22.0
1996-01-01,ZAFIT JUNCTION,55.0
1997-01-01,ZAFIT JUNCTION,68.00816326530612
1998-01-01,ZAFIT JUNCTION,68.00816326530612
1999-01-01,ZAFIT JUNCTION,68.00816326530612
2000-01-01,ZAFIT JUNCTION,68.00816326530612
2001-01-01,ZAFIT JUNCTION,68.00816326530612
2002-01-01,ZAFIT JUNCTION,68.00816326530612
2003-01-01,ZAFIT JUNCTION,68.00816326530612
2004-01-01,ZAFIT JUNCTION,68.00816326530612
2005-01-01,ZAFIT JUNCTION,68.00816326530612
2006-01-01,ZAFIT JUNCTION,68.00816326530612
2007-01-01,ZAFIT JUNCTION,68.00816326530612
2008-01-01,ZAFIT JUNCTION,68.00816326530612
2009-01-01,ZAFIT JUNCTION,68.00816326530612
2010-01-01,ZAFIT JUNCTION,68.00816326530612
2011-01-01,ZAFIT JUNCTION,35.0
2012-01-01,ZAFIT JUNCTION,44.0
2013-01-01,ZAFIT JUNCTION,100.0
2014-01-01,ZAFIT JUNCTION,107.0
2015-01-01,ZAFIT JUNCTION,78.0
2016-01-01,ZAFIT JUNCTION,34.5
2017-01-01,ZAFIT JUNCTION,60.5
2018-01-01,ZAFIT JUNCTION,67.0
2019-01-01,ZAFIT JUNCTION,81.0
2020-01-01,ZAFIT JUNCTION,42.0
2021-01-01,ZAFIT JUNCTION,30.0
1949-01-01,"YEROHAM,DAM",
1950-01-01,"YEROHAM,DAM",
1951-01-01,"YEROHAM,DAM",
1952-01-01,"YEROHAM,DAM",90.0
1953-01-01,"YEROHAM,DAM",112.9
1954-01-01,"YEROHAM,DAM",100.0
1955-01-01,"YEROHAM,DAM",114.0
1956-01-01,"YEROHAM,DAM",180.0
1957-01-01,"YEROHAM,DAM",53.0
1958-01-01,"YEROHAM,DAM",97.0
1959-01-01,"YEROHAM,DAM",42.0
1960-01-01,"YEROHAM,DAM",80.0
1961-01-01,"YEROHAM,DAM",78.0
1962-01-01,"YEROHAM,DAM",30.0
1963-01-01,"YEROHAM,DAM",161.0
1964-01-01,"YEROHAM,DAM",143.0
1965-01-01,"YEROHAM,DAM",96.27936507936508
1966-01-01,"YEROHAM,DAM",100.7
1967-01-01,"YEROHAM,DAM",110.0
1968-01-01,"YEROHAM,DAM",76.0
1969-01-01,"YEROHAM,DAM",96.27936507936508
1970-01-01,"YEROHAM,DAM",116.5
1971-01-01,"YEROHAM,DAM",96.27936507936508
1972-01-01,"YEROHAM,DAM",33.0
1973-01-01,"YEROHAM,DAM",96.27936507936508
1974-01-01,"YEROHAM,DAM",91.0
1975-01-01,"YEROHAM,DAM",91.5
1976-01-01,"YEROHAM,DAM",96.27936507936508
1977-01-01,"YEROHAM,DAM",60.0
1978-01-01,"YEROHAM,DAM",53.0
1979-01-01,"YEROHAM,DAM",181.0
1980-01-01,"YEROHAM,DAM",142.0
1981-01-01,"YEROHAM,DAM",71.0
1982-01-01,"YEROHAM,DAM",155.0
1983-01-01,"YEROHAM,DAM",66.0
1984-01-01,"YEROHAM,DAM",69.0
1985-01-01,"YEROHAM,DAM",140.0
1986-01-01,"YEROHAM,DAM",86.5
1987-01-01,"YEROHAM,DAM",119.0
1988-01-01,"YEROHAM,DAM",123.0
1989-01-01,"YEROHAM,DAM",109.0
1990-01-01,"YEROHAM,DAM",122.0
1991-01-01,"YEROHAM,DAM",172.0
1992-01-01,"YEROHAM,DAM",82.0
1993-01-01,"YEROHAM,DAM",74.0
1994-01-01,"YEROHAM,DAM",255.0
1995-01-01,"YEROHAM,DAM",41.0
1996-01-01,"YEROHAM,DAM",112.0
1997-01-01,"YEROHAM,DAM",125.0
1998-01-01,"YEROHAM,DAM",38.0
1999-01-01,"YEROHAM,DAM",39.0
2000-01-01,"YEROHAM,DAM",96.27936507936508
2001-01-01,"YEROHAM,DAM",97.0
2002-01-01,"YEROHAM,DAM",89.0
2003-01-01,"YEROHAM,DAM",92.0
2004-01-01,"YEROHAM,DAM",100.0
2005-01-01,"YEROHAM,DAM",68.0
2006-01-01,"YEROHAM,DAM",142.0
2007-01-01,"YEROHAM,DAM",65.0
2008-01-01,"YEROHAM,DAM",59.0
2009-01-01,"YEROHAM,DAM",143.0
2010-01-01,"YEROHAM,DAM",39.0
2011-01-01,"YEROHAM,DAM",96.27936507936508
2012-01-01,"YEROHAM,DAM",90.0
2013-01-01,"YEROHAM,DAM",110.0
2014-01-01,"YEROHAM,DAM",149.0
2015-01-01,"YEROHAM,DAM",71.0
2016-01-01,"YEROHAM,DAM",39.5
2017-01-01,"YEROHAM,DAM",90.0
2018-01-01,"YEROHAM,DAM",69.0
2019-01-01,"YEROHAM,DAM",135.5
2020-01-01,"YEROHAM,DAM",28.5
2021-01-01,"YEROHAM,DAM",55.0
1949-01-01,YEROHAM S BOQER ROAD KM 42,
1950-01-01,YEROHAM S BOQER ROAD KM 42,
1951-01-01,YEROHAM S BOQER ROAD KM 42,
1952-01-01,YEROHAM S BOQER ROAD KM 42,85.0
1953-01-01,YEROHAM S BOQER ROAD KM 42,157.0
1954-01-01,YEROHAM S BOQER ROAD KM 42,92.0
1955-01-01,YEROHAM S BOQER ROAD KM 42,156.0
1956-01-01,YEROHAM S BOQER ROAD KM 42,146.5
1957-01-01,YEROHAM S BOQER ROAD KM 42,48.0
1958-01-01,YEROHAM S BOQER ROAD KM 42,115.0
1959-01-01,YEROHAM S BOQER ROAD KM 42,57.0
1960-01-01,YEROHAM S BOQER ROAD KM 42,94.0
1961-01-01,YEROHAM S BOQER ROAD KM 42,67.0
1962-01-01,YEROHAM S BOQER ROAD KM 42,29.0
1963-01-01,YEROHAM S BOQER ROAD KM 42,198.0
1964-01-01,YEROHAM S BOQER ROAD KM 42,217.0
1965-01-01,YEROHAM S BOQER ROAD KM 42,87.0
1966-01-01,YEROHAM S BOQER ROAD KM 42,117.0
1967-01-01,YEROHAM S BOQER ROAD KM 42,123.0
1968-01-01,YEROHAM S BOQER ROAD KM 42,85.0
1969-01-01,YEROHAM S BOQER ROAD KM 42,70.0
1970-01-01,YEROHAM S BOQER ROAD KM 42,105.83088235294117
1971-01-01,YEROHAM S BOQER ROAD KM 42,224.0
1972-01-01,YEROHAM S BOQER ROAD KM 42,58.0
1973-01-01,YEROHAM S BOQER ROAD KM 42,191.0
1974-01-01,YEROHAM S BOQER ROAD KM 42,126.0
1975-01-01,YEROHAM S BOQER ROAD KM 42,89.0
1976-01-01,YEROHAM S BOQER ROAD KM 42,71.0
1977-01-01,YEROHAM S BOQER ROAD KM 42,61.0
1978-01-01,YEROHAM S BOQER ROAD KM 42,113.0
1979-01-01,YEROHAM S BOQER ROAD KM 42,192.0
1980-01-01,YEROHAM S BOQER ROAD KM 42,160.0
1981-01-01,YEROHAM S BOQER ROAD KM 42,83.0
1982-01-01,YEROHAM S BOQER ROAD KM 42,199.0
1983-01-01,YEROHAM S BOQER ROAD KM 42,62.0
1984-01-01,YEROHAM S BOQER ROAD KM 42,73.0
1985-01-01,YEROHAM S BOQER ROAD KM 42,165.0
1986-01-01,YEROHAM S BOQER ROAD KM 42,105.83088235294117
1987-01-01,YEROHAM S BOQER ROAD KM 42,186.0
1988-01-01,YEROHAM S BOQER ROAD KM 42,125.0
1989-01-01,YEROHAM S BOQER ROAD KM 42,95.0
1990-01-01,YEROHAM S BOQER ROAD KM 42,186.0
1991-01-01,YEROHAM S BOQER ROAD KM 42,177.0
1992-01-01,YEROHAM S BOQER ROAD KM 42,76.0
1993-01-01,YEROHAM S BOQER ROAD KM 42,91.0
1994-01-01,YEROHAM S BOQER ROAD KM 42,185.0
1995-01-01,YEROHAM S BOQER ROAD KM 42,43.0
1996-01-01,YEROHAM S BOQER ROAD KM 42,125.0
1997-01-01,YEROHAM S BOQER ROAD KM 42,119.0
1998-01-01,YEROHAM S BOQER ROAD KM 42,30.0
1999-01-01,YEROHAM S BOQER ROAD KM 42,37.0
2000-01-01,YEROHAM S BOQER ROAD KM 42,94.0
2001-01-01,YEROHAM S BOQER ROAD KM 42,94.0
2002-01-01,YEROHAM S BOQER ROAD KM 42,100.0
2003-01-01,YEROHAM S BOQER ROAD KM 42,86.0
2004-01-01,YEROHAM S BOQER ROAD KM 42,104.0
2005-01-01,YEROHAM S BOQER ROAD KM 42,65.0
2006-01-01,YEROHAM S BOQER ROAD KM 42,158.0
2007-01-01,YEROHAM S BOQER ROAD KM 42,66.0
2008-01-01,YEROHAM S BOQER ROAD KM 42,38.0
2009-01-01,YEROHAM S BOQER ROAD KM 42,167.0
2010-01-01,YEROHAM S BOQER ROAD KM 42,38.0
2011-01-01,YEROHAM S BOQER ROAD KM 42,45.0
2012-01-01,YEROHAM S BOQER ROAD KM 42,107.0
2013-01-01,YEROHAM S BOQER ROAD KM 42,84.0
2014-01-01,YEROHAM S BOQER ROAD KM 42,125.0
2015-01-01,YEROHAM S BOQER ROAD KM 42,83.0
2016-01-01,YEROHAM S BOQER ROAD KM 42,55.0
2017-01-01,YEROHAM S BOQER ROAD KM 42,84.0
2018-01-01,YEROHAM S BOQER ROAD KM 42,72.5
2019-01-01,YEROHAM S BOQER ROAD KM 42,153.5
2020-01-01,YEROHAM S BOQER ROAD KM 42,20.0
2021-01-01,YEROHAM S BOQER ROAD KM 42,72.0
1949-01-01,UPPER MA'ALE AQRABIM,131.0
1950-01-01,UPPER MA'ALE AQRABIM,46.3
1951-01-01,UPPER MA'ALE AQRABIM,73.0
1952-01-01,UPPER MA'ALE AQRABIM,59.0
1953-01-01,UPPER MA'ALE AQRABIM,58.81969696969697
1954-01-01,UPPER MA'ALE AQRABIM,58.81969696969697
1955-01-01,UPPER MA'ALE AQRABIM,58.0
1956-01-01,UPPER MA'ALE AQRABIM,119.0
1957-01-01,UPPER MA'ALE AQRABIM,36.0
1958-01-01,UPPER MA'ALE AQRABIM,58.0
1959-01-01,UPPER MA'ALE AQRABIM,26.0
1960-01-01,UPPER MA'ALE AQRABIM,51.0
1961-01-01,UPPER MA'ALE AQRABIM,35.0
1962-01-01,UPPER MA'ALE AQRABIM,29.0
1963-01-01,UPPER MA'ALE AQRABIM,73.0
1964-01-01,UPPER MA'ALE AQRABIM,88.0
1965-01-01,UPPER MA'ALE AQRABIM,68.0
1966-01-01,UPPER MA'ALE AQRABIM,64.5
1967-01-01,UPPER MA'ALE AQRABIM,67.0
1968-01-01,UPPER MA'ALE AQRABIM,79.5
1969-01-01,UPPER MA'ALE AQRABIM,58.81969696969697
1970-01-01,UPPER MA'ALE AQRABIM,58.81969696969697
1971-01-01,UPPER MA'ALE AQRABIM,58.81969696969697
1972-01-01,UPPER MA'ALE AQRABIM,58.81969696969697
1973-01-01,UPPER MA'ALE AQRABIM,68.0
1974-01-01,UPPER MA'ALE AQRABIM,68.0
1975-01-01,UPPER MA'ALE AQRABIM,59.0
1976-01-01,UPPER MA'ALE AQRABIM,34.5
1977-01-01,UPPER MA'ALE AQRABIM,21.0
1978-01-01,UPPER MA'ALE AQRABIM,44.0
1979-01-01,UPPER MA'ALE AQRABIM,84.0
1980-01-01,UPPER MA'ALE AQRABIM,111.0
1981-01-01,UPPER MA'ALE AQRABIM,34.0
1982-01-01,UPPER MA'ALE AQRABIM,85.0
1983-01-01,UPPER MA'ALE AQRABIM,14.0
1984-01-01,UPPER MA'ALE AQRABIM,40.0
1985-01-01,UPPER MA'ALE AQRABIM,88.0
1986-01-01,UPPER MA'ALE AQRABIM,45.5
1987-01-01,UPPER MA'ALE AQRABIM,62.0
1988-01-01,UPPER MA'ALE AQRABIM,59.0
1989-01-01,UPPER MA'ALE AQRABIM,82.0
1990-01-01,UPPER MA'ALE AQRABIM,73.0
1991-01-01,UPPER MA'ALE AQRABIM,69.0
1992-01-01,UPPER MA'ALE AQRABIM,25.0
1993-01-01,UPPER MA'ALE AQRABIM,63.0
1994-01-01,UPPER MA'ALE AQRABIM,150.0
1995-01-01,UPPER MA'ALE AQRABIM,27.0
1996-01-01,UPPER MA'ALE AQRABIM,71.0
1997-01-01,UPPER MA'ALE AQRABIM,65.0
1998-01-01,UPPER MA'ALE AQRABIM,24.0
1999-01-01,UPPER MA'ALE AQRABIM,13.0
2000-01-01,UPPER MA'ALE AQRABIM,46.0
2001-01-01,UPPER MA'ALE AQRABIM,71.0
2002-01-01,UPPER MA'ALE AQRABIM,36.0
2003-01-01,UPPER MA'ALE AQRABIM,50.0
2004-01-01,UPPER MA'ALE AQRABIM,70.0
2005-01-01,UPPER MA'ALE AQRABIM,35.0
2006-01-01,UPPER MA'ALE AQRABIM,110.0
2007-01-01,UPPER MA'ALE AQRABIM,47.0
2008-01-01,UPPER MA'ALE AQRABIM,26.0
2009-01-01,UPPER MA'ALE AQRABIM,81.0
2010-01-01,UPPER MA'ALE AQRABIM,54.0
2011-01-01,UPPER MA'ALE AQRABIM,50.0
2012-01-01,UPPER MA'ALE AQRABIM,43.0
2013-01-01,UPPER MA'ALE AQRABIM,92.0
2014-01-01,UPPER MA'ALE AQRABIM,80.0
2015-01-01,UPPER MA'ALE AQRABIM,60.5
2016-01-01,UPPER MA'ALE AQRABIM,35.0
2017-01-01,UPPER MA'ALE AQRABIM,11.3
2018-01-01,UPPER MA'ALE AQRABIM,52.0
2019-01-01,UPPER MA'ALE AQRABIM,78.5
2020-01-01,UPPER MA'ALE AQRABIM,13.5
2021-01-01,UPPER MA'ALE AQRABIM,58.81969696969697
1949-01-01,SEDOM ASCENT,
1950-01-01,SEDOM ASCENT,
1951-01-01,SEDOM ASCENT,
1952-01-01,SEDOM ASCENT,
1953-01-01,SEDOM ASCENT,
1954-01-01,SEDOM ASCENT,
1955-01-01,SEDOM ASCENT,73.0
1956-01-01,SEDOM ASCENT,88.0
1957-01-01,SEDOM ASCENT,17.0
1958-01-01,SEDOM ASCENT,46.0
1959-01-01,SEDOM ASCENT,25.0
1960-01-01,SEDOM ASCENT,55.0
1961-01-01,SEDOM ASCENT,44.0
1962-01-01,SEDOM ASCENT,22.0
1963-01-01,SEDOM ASCENT,81.0
1964-01-01,SEDOM ASCENT,97.0
1965-01-01,SEDOM ASCENT,26.6
1966-01-01,SEDOM ASCENT,42.0
1967-01-01,SEDOM ASCENT,63.5
1968-01-01,SEDOM ASCENT,75.0
1969-01-01,SEDOM ASCENT,43.0
1970-01-01,SEDOM ASCENT,87.5
1971-01-01,SEDOM ASCENT,99.0
1972-01-01,SEDOM ASCENT,24.0
1973-01-01,SEDOM ASCENT,88.0
1974-01-01,SEDOM ASCENT,66.0
1975-01-01,SEDOM ASCENT,63.0
1976-01-01,SEDOM ASCENT,27.0
1977-01-01,SEDOM ASCENT,15.0
1978-01-01,SEDOM ASCENT,30.0
1979-01-01,SEDOM ASCENT,57.0
1980-01-01,SEDOM ASCENT,111.0
1981-01-01,SEDOM ASCENT,25.0
1982-01-01,SEDOM ASCENT,53.0
1983-01-01,SEDOM ASCENT,16.0
1984-01-01,SEDOM ASCENT,56.0
1985-01-01,SEDOM ASCENT,85.0
1986-01-01,SEDOM ASCENT,50.0
1987-01-01,SEDOM ASCENT,81.0
1988-01-01,SEDOM ASCENT,53.0
1989-01-01,SEDOM ASCENT,72.0
1990-01-01,SEDOM ASCENT,49.0
1991-01-01,SEDOM ASCENT,40.0
1992-01-01,SEDOM ASCENT,24.0
1993-01-01,SEDOM ASCENT,63.0
1994-01-01,SEDOM ASCENT,75.0
1995-01-01,SEDOM ASCENT,25.0
1996-01-01,SEDOM ASCENT,45.0
1997-01-01,SEDOM ASCENT,54.0
1998-01-01,SEDOM ASCENT,23.0
1999-01-01,SEDOM ASCENT,10.0
2000-01-01,SEDOM ASCENT,33.0
2001-01-01,SEDOM ASCENT,20.0
2002-01-01,SEDOM ASCENT,28.0
2003-01-01,SEDOM ASCENT,51.0
2004-01-01,SEDOM ASCENT,133.0
2005-01-01,SEDOM ASCENT,23.0
2006-01-01,SEDOM ASCENT,55.0
2007-01-01,SEDOM ASCENT,31.0
2008-01-01,SEDOM ASCENT,19.0
2009-01-01,SEDOM ASCENT,65.0
2010-01-01,SEDOM ASCENT,20.0
2011-01-01,SEDOM ASCENT,22.0
2012-01-01,SEDOM ASCENT,29.0
2013-01-01,SEDOM ASCENT,97.0
2014-01-01,SEDOM ASCENT,80.0
2015-01-01,SEDOM ASCENT,80.0
2016-01-01,SEDOM ASCENT,16.0
2017-01-01,SEDOM ASCENT,47.5
2018-01-01,SEDOM ASCENT,69.0
2019-01-01,SEDOM ASCENT,51.5
2020-01-01,SEDOM ASCENT,26.0
2021-01-01,SEDOM ASCENT,30.0
1949-01-01,SAYYARIM JUNCTION,
1950-01-01,SAYYARIM JUNCTION,
1951-01-01,SAYYARIM JUNCTION,
1952-01-01,SAYYARIM JUNCTION,
1953-01-01,SAYYARIM JUNCTION,
1954-01-01,SAYYARIM JUNCTION,
1955-01-01,SAYYARIM JUNCTION,
1956-01-01,SAYYARIM JUNCTION,
1957-01-01,SAYYARIM JUNCTION,
1958-01-01,SAYYARIM JUNCTION,
1959-01-01,SAYYARIM JUNCTION,
1960-01-01,SAYYARIM JUNCTION,
1961-01-01,SAYYARIM JUNCTION,
1962-01-01,SAYYARIM JUNCTION,
1963-01-01,SAYYARIM JUNCTION,
1964-01-01,SAYYARIM JUNCTION,
1965-01-01,SAYYARIM JUNCTION,
1966-01-01,SAYYARIM JUNCTION,
1967-01-01,SAYYARIM JUNCTION,
1968-01-01,SAYYARIM JUNCTION,
1969-01-01,SAYYARIM JUNCTION,
1970-01-01,SAYYARIM JUNCTION,
1971-01-01,SAYYARIM JUNCTION,
1972-01-01,SAYYARIM JUNCTION,
1973-01-01,SAYYARIM JUNCTION,
1974-01-01,SAYYARIM JUNCTION,
1975-01-01,SAYYARIM JUNCTION,
1976-01-01,SAYYARIM JUNCTION,
1977-01-01,SAYYARIM JUNCTION,
1978-01-01,SAYYARIM JUNCTION,
1979-01-01,SAYYARIM JUNCTION,
1980-01-01,SAYYARIM JUNCTION,
1981-01-01,SAYYARIM JUNCTION,
1982-01-01,SAYYARIM JUNCTION,
1983-01-01,SAYYARIM JUNCTION,
1984-01-01,SAYYARIM JUNCTION,
1985-01-01,SAYYARIM JUNCTION,19.5
1986-01-01,SAYYARIM JUNCTION,22.942857142857143
1987-01-01,SAYYARIM JUNCTION,38.0
1988-01-01,SAYYARIM JUNCTION,37.0
1989-01-01,SAYYARIM JUNCTION,18.0
1990-01-01,SAYYARIM JUNCTION,26.0
1991-01-01,SAYYARIM JUNCTION,26.0
1992-01-01,SAYYARIM JUNCTION,7.0
1993-01-01,SAYYARIM JUNCTION,53.0
1994-01-01,SAYYARIM JUNCTION,44.0
1995-01-01,SAYYARIM JUNCTION,4.0
1996-01-01,SAYYARIM JUNCTION,7.0
1997-01-01,SAYYARIM JUNCTION,18.0
1998-01-01,SAYYARIM JUNCTION,18.0
1999-01-01,SAYYARIM JUNCTION,2.0
2000-01-01,SAYYARIM JUNCTION,19.0
2001-01-01,SAYYARIM JUNCTION,16.0
2002-01-01,SAYYARIM JUNCTION,14.0
2003-01-01,SAYYARIM JUNCTION,18.0
2004-01-01,SAYYARIM JUNCTION,14.0
2005-01-01,SAYYARIM JUNCTION,5.0
2006-01-01,SAYYARIM JUNCTION,12.0
2007-01-01,SAYYARIM JUNCTION,9.0
2008-01-01,SAYYARIM JUNCTION,3.0
2009-01-01,SAYYARIM JUNCTION,46.0
2010-01-01,SAYYARIM JUNCTION,5.0
2011-01-01,SAYYARIM JUNCTION,7.0
2012-01-01,SAYYARIM JUNCTION,32.0
2013-01-01,SAYYARIM JUNCTION,45.0
2014-01-01,SAYYARIM JUNCTION,22.0
2015-01-01,SAYYARIM JUNCTION,42.0
2016-01-01,SAYYARIM JUNCTION,20.5
2017-01-01,SAYYARIM JUNCTION,23.5
2018-01-01,SAYYARIM JUNCTION,25.5
2019-01-01,SAYYARIM JUNCTION,91.5
2020-01-01,SAYYARIM JUNCTION,15.5
2021-01-01,SAYYARIM JUNCTION,22.942857142857143
1949-01-01,ROAD 40 - NAHAL ZIN  CROSSING,
1950-01-01,ROAD 40 - NAHAL ZIN  CROSSING,
1951-01-01,ROAD 40 - NAHAL ZIN  CROSSING,
1952-01-01,ROAD 40 - NAHAL ZIN  CROSSING,
1953-01-01,ROAD 40 - NAHAL ZIN  CROSSING,
1954-01-01,ROAD 40 - NAHAL ZIN  CROSSING,
1955-01-01,ROAD 40 - NAHAL ZIN  CROSSING,
1956-01-01,ROAD 40 - NAHAL ZIN  CROSSING,
1957-01-01,ROAD 40 - NAHAL ZIN  CROSSING,
1958-01-01,ROAD 40 - NAHAL ZIN  CROSSING,
1959-01-01,ROAD 40 - NAHAL ZIN  CROSSING,
1960-01-01,ROAD 40 - NAHAL ZIN  CROSSING,93.0
1961-01-01,ROAD 40 - NAHAL ZIN  CROSSING,75.0
1962-01-01,ROAD 40 - NAHAL ZIN  CROSSING,37.0
1963-01-01,ROAD 40 - NAHAL ZIN  CROSSING,172.0
1964-01-01,ROAD 40 - NAHAL ZIN  CROSSING,179.0
1965-01-01,ROAD 40 - NAHAL ZIN  CROSSING,72.5
1966-01-01,ROAD 40 - NAHAL ZIN  CROSSING,85.0
1967-01-01,ROAD 40 - NAHAL ZIN  CROSSING,82.0
1968-01-01,ROAD 40 - NAHAL ZIN  CROSSING,75.0
1969-01-01,ROAD 40 - NAHAL ZIN  CROSSING,85.84313725490196
1970-01-01,ROAD 40 - NAHAL ZIN  CROSSING,85.84313725490196
1971-01-01,ROAD 40 - NAHAL ZIN  CROSSING,85.84313725490196
1972-01-01,ROAD 40 - NAHAL ZIN  CROSSING,85.84313725490196
1973-01-01,ROAD 40 - NAHAL ZIN  CROSSING,113.0
1974-01-01,ROAD 40 - NAHAL ZIN  CROSSING,113.0
1975-01-01,ROAD 40 - NAHAL ZIN  CROSSING,85.84313725490196
1976-01-01,ROAD 40 - NAHAL ZIN  CROSSING,69.0
1977-01-01,ROAD 40 - NAHAL ZIN  CROSSING,57.5
1978-01-01,ROAD 40 - NAHAL ZIN  CROSSING,69.0
1979-01-01,ROAD 40 - NAHAL ZIN  CROSSING,154.0
1980-01-01,ROAD 40 - NAHAL ZIN  CROSSING,85.84313725490196
1981-01-01,ROAD 40 - NAHAL ZIN  CROSSING,85.84313725490196
1982-01-01,ROAD 40 - NAHAL ZIN  CROSSING,145.0
1983-01-01,ROAD 40 - NAHAL ZIN  CROSSING,37.0
1984-01-01,ROAD 40 - NAHAL ZIN  CROSSING,60.0
1985-01-01,ROAD 40 - NAHAL ZIN  CROSSING,73.0
1986-01-01,ROAD 40 - NAHAL ZIN  CROSSING,85.84313725490196
1987-01-01,ROAD 40 - NAHAL ZIN  CROSSING,129.0
1988-01-01,ROAD 40 - NAHAL ZIN  CROSSING,106.0
1989-01-01,ROAD 40 - NAHAL ZIN  CROSSING,92.0
1990-01-01,ROAD 40 - NAHAL ZIN  CROSSING,107.0
1991-01-01,ROAD 40 - NAHAL ZIN  CROSSING,178.0
1992-01-01,ROAD 40 - NAHAL ZIN  CROSSING,60.0
1993-01-01,ROAD 40 - NAHAL ZIN  CROSSING,77.0
1994-01-01,ROAD 40 - NAHAL ZIN  CROSSING,177.0
1995-01-01,ROAD 40 - NAHAL ZIN  CROSSING,32.0
1996-01-01,ROAD 40 - NAHAL ZIN  CROSSING,95.0
1997-01-01,ROAD 40 - NAHAL ZIN  CROSSING,83.0
1998-01-01,ROAD 40 - NAHAL ZIN  CROSSING,21.0
1999-01-01,ROAD 40 - NAHAL ZIN  CROSSING,39.0
2000-01-01,ROAD 40 - NAHAL ZIN  CROSSING,66.0
2001-01-01,ROAD 40 - NAHAL ZIN  CROSSING,48.0
2002-01-01,ROAD 40 - NAHAL ZIN  CROSSING,66.0
2003-01-01,ROAD 40 - NAHAL ZIN  CROSSING,78.0
2004-01-01,ROAD 40 - NAHAL ZIN  CROSSING,52.0
2005-01-01,ROAD 40 - NAHAL ZIN  CROSSING,60.0
2006-01-01,ROAD 40 - NAHAL ZIN  CROSSING,122.0
2007-01-01,ROAD 40 - NAHAL ZIN  CROSSING,85.84313725490196
2008-01-01,ROAD 40 - NAHAL ZIN  CROSSING,39.0
2009-01-01,ROAD 40 - NAHAL ZIN  CROSSING,85.84313725490196
2010-01-01,ROAD 40 - NAHAL ZIN  CROSSING,85.84313725490196
2011-01-01,ROAD 40 - NAHAL ZIN  CROSSING,41.0
2012-01-01,ROAD 40 - NAHAL ZIN  CROSSING,78.0
2013-01-01,ROAD 40 - NAHAL ZIN  CROSSING,83.0
2014-01-01,ROAD 40 - NAHAL ZIN  CROSSING,109.0
2015-01-01,ROAD 40 - NAHAL ZIN  CROSSING,139.0
2016-01-01,ROAD 40 - NAHAL ZIN  CROSSING,52.0
2017-01-01,ROAD 40 - NAHAL ZIN  CROSSING,59.5
2018-01-01,ROAD 40 - NAHAL ZIN  CROSSING,81.5
2019-01-01,ROAD 40 - NAHAL ZIN  CROSSING,165.5
2020-01-01,ROAD 40 - NAHAL ZIN  CROSSING,21.5
2021-01-01,ROAD 40 - NAHAL ZIN  CROSSING,60.0
1949-01-01,ORON JUNCTION,
1950-01-01,ORON JUNCTION,
1951-01-01,ORON JUNCTION,
1952-01-01,ORON JUNCTION,75.0
1953-01-01,ORON JUNCTION,89.4
1954-01-01,ORON JUNCTION,72.13636363636364
1955-01-01,ORON JUNCTION,88.0
1956-01-01,ORON JUNCTION,162.0
1957-01-01,ORON JUNCTION,72.13636363636364
1958-01-01,ORON JUNCTION,69.0
1959-01-01,ORON JUNCTION,26.0
1960-01-01,ORON JUNCTION,68.0
1961-01-01,ORON JUNCTION,78.0
1962-01-01,ORON JUNCTION,32.0
1963-01-01,ORON JUNCTION,127.0
1964-01-01,ORON JUNCTION,104.0
1965-01-01,ORON JUNCTION,62.0
1966-01-01,ORON JUNCTION,93.7
1967-01-01,ORON JUNCTION,61.5
1968-01-01,ORON JUNCTION,72.13636363636364
1969-01-01,ORON JUNCTION,72.13636363636364
1970-01-01,ORON JUNCTION,102.5
1971-01-01,ORON JUNCTION,23.0
1972-01-01,ORON JUNCTION,23.0
1973-01-01,ORON JUNCTION,157.0
1974-01-01,ORON JUNCTION,67.0
1975-01-01,ORON JUNCTION,62.0
1976-01-01,ORON JUNCTION,54.0
1977-01-01,ORON JUNCTION,38.0
1978-01-01,ORON JUNCTION,72.0
1979-01-01,ORON JUNCTION,136.0
1980-01-01,ORON JUNCTION,121.0
1981-01-01,ORON JUNCTION,32.0
1982-01-01,ORON JUNCTION,88.0
1983-01-01,ORON JUNCTION,24.0
1984-01-01,ORON JUNCTION,48.0
1985-01-01,ORON JUNCTION,112.0
1986-01-01,ORON JUNCTION,48.5
1987-01-01,ORON JUNCTION,81.0
1988-01-01,ORON JUNCTION,68.0
1989-01-01,ORON JUNCTION,142.0
1990-01-01,ORON JUNCTION,89.0
1991-01-01,ORON JUNCTION,105.0
1992-01-01,ORON JUNCTION,32.0
1993-01-01,ORON JUNCTION,58.0
1994-01-01,ORON JUNCTION,160.0
1995-01-01,ORON JUNCTION,31.0
1996-01-01,ORON JUNCTION,66.0
1997-01-01,ORON JUNCTION,95.0
1998-01-01,ORON JUNCTION,21.0
1999-01-01,ORON JUNCTION,24.0
2000-01-01,ORON JUNCTION,64.0
2001-01-01,ORON JUNCTION,48.0
2002-01-01,ORON JUNCTION,65.0
2003-01-01,ORON JUNCTION,51.0
2004-01-01,ORON JUNCTION,101.0
2005-01-01,ORON JUNCTION,33.0
2006-01-01,ORON JUNCTION,112.0
2007-01-01,ORON JUNCTION,58.0
2008-01-01,ORON JUNCTION,45.0
2009-01-01,ORON JUNCTION,96.0
2010-01-01,ORON JUNCTION,40.0
2011-01-01,ORON JUNCTION,26.0
2012-01-01,ORON JUNCTION,44.0
2013-01-01,ORON JUNCTION,91.0
2014-01-01,ORON JUNCTION,103.0
2015-01-01,ORON JUNCTION,101.5
2016-01-01,ORON JUNCTION,36.0
2017-01-01,ORON JUNCTION,87.0
2018-01-01,ORON JUNCTION,55.5
2019-01-01,ORON JUNCTION,128.4
2020-01-01,ORON JUNCTION,25.0
2021-01-01,ORON JUNCTION,35.0
1949-01-01,NIZZANA,
1950-01-01,NIZZANA,
1951-01-01,NIZZANA,
1952-01-01,NIZZANA,
1953-01-01,NIZZANA,
1954-01-01,NIZZANA,
1955-01-01,NIZZANA,
1956-01-01,NIZZANA,
1957-01-01,NIZZANA,
1958-01-01,NIZZANA,
1959-01-01,NIZZANA,
1960-01-01,NIZZANA,
1961-01-01,NIZZANA,
1962-01-01,NIZZANA,
1963-01-01,NIZZANA,
1964-01-01,NIZZANA,
1965-01-01,NIZZANA,
1966-01-01,NIZZANA,
1967-01-01,NIZZANA,
1968-01-01,NIZZANA,
1969-01-01,NIZZANA,
1970-01-01,NIZZANA,
1971-01-01,NIZZANA,
1972-01-01,NIZZANA,
1973-01-01,NIZZANA,
1974-01-01,NIZZANA,
1975-01-01,NIZZANA,61.0
1976-01-01,NIZZANA,44.5
1977-01-01,NIZZANA,48.0
1978-01-01,NIZZANA,49.0
1979-01-01,NIZZANA,121.0
1980-01-01,NIZZANA,107.0
1981-01-01,NIZZANA,68.65555555555555
1982-01-01,NIZZANA,116.0
1983-01-01,NIZZANA,22.0
1984-01-01,NIZZANA,73.0
1985-01-01,NIZZANA,67.0
1986-01-01,NIZZANA,66.0
1987-01-01,NIZZANA,95.0
1988-01-01,NIZZANA,116.0
1989-01-01,NIZZANA,68.65555555555555
1990-01-01,NIZZANA,143.0
1991-01-01,NIZZANA,120.0
1992-01-01,NIZZANA,47.0
1993-01-01,NIZZANA,28.0
1994-01-01,NIZZANA,150.0
1995-01-01,NIZZANA,25.0
1996-01-01,NIZZANA,66.0
1997-01-01,NIZZANA,55.0
1998-01-01,NIZZANA,29.0
1999-01-01,NIZZANA,32.0
2000-01-01,NIZZANA,58.0
2001-01-01,NIZZANA,68.0
2002-01-01,NIZZANA,95.0
2003-01-01,NIZZANA,85.0
2004-01-01,NIZZANA,63.0
2005-01-01,NIZZANA,44.0
2006-01-01,NIZZANA,102.0
2007-01-01,NIZZANA,52.0
2008-01-01,NIZZANA,29.0
2009-01-01,NIZZANA,117.0
2010-01-01,NIZZANA,25.0
2011-01-01,NIZZANA,29.0
2012-01-01,NIZZANA,58.0
2013-01-01,NIZZANA,86.0
2014-01-01,NIZZANA,81.0
2015-01-01,NIZZANA,92.0
2016-01-01,NIZZANA,20.5
2017-01-01,NIZZANA,51.5
2018-01-01,NIZZANA,66.5
2019-01-01,NIZZANA,106.0
2020-01-01,NIZZANA,23.5
2021-01-01,NIZZANA,57.0
1949-01-01,NAHAL ZIN MOUTH,
1950-01-01,NAHAL ZIN MOUTH,
1951-01-01,NAHAL ZIN MOUTH,
1952-01-01,NAHAL ZIN MOUTH,
1953-01-01,NAHAL ZIN MOUTH,
1954-01-01,NAHAL ZIN MOUTH,
1955-01-01,NAHAL ZIN MOUTH,
1956-01-01,NAHAL ZIN MOUTH,
1957-01-01,NAHAL ZIN MOUTH,
1958-01-01,NAHAL ZIN MOUTH,
1959-01-01,NAHAL ZIN MOUTH,
1960-01-01,NAHAL ZIN MOUTH,
1961-01-01,NAHAL ZIN MOUTH,45.0
1962-01-01,NAHAL ZIN MOUTH,41.0
1963-01-01,NAHAL ZIN MOUTH,64.0
1964-01-01,NAHAL ZIN MOUTH,82.0
1965-01-01,NAHAL ZIN MOUTH,27.1
1966-01-01,NAHAL ZIN MOUTH,29.0
1967-01-01,NAHAL ZIN MOUTH,65.0
1968-01-01,NAHAL ZIN MOUTH,57.0
1969-01-01,NAHAL ZIN MOUTH,46.40172413793104
1970-01-01,NAHAL ZIN MOUTH,114.2
1971-01-01,NAHAL ZIN MOUTH,46.40172413793104
1972-01-01,NAHAL ZIN MOUTH,99.0
1973-01-01,NAHAL ZIN MOUTH,99.0
1974-01-01,NAHAL ZIN MOUTH,61.0
1975-01-01,NAHAL ZIN MOUTH,61.0
1976-01-01,NAHAL ZIN MOUTH,36.0
1977-01-01,NAHAL ZIN MOUTH,12.5
1978-01-01,NAHAL ZIN MOUTH,48.0
1979-01-01,NAHAL ZIN MOUTH,57.0
1980-01-01,NAHAL ZIN MOUTH,98.0
1981-01-01,NAHAL ZIN MOUTH,33.0
1982-01-01,NAHAL ZIN MOUTH,40.0
1983-01-01,NAHAL ZIN MOUTH,5.0
1984-01-01,NAHAL ZIN MOUTH,59.0
1985-01-01,NAHAL ZIN MOUTH,101.0
1986-01-01,NAHAL ZIN MOUTH,31.5
1987-01-01,NAHAL ZIN MOUTH,60.0
1988-01-01,NAHAL ZIN MOUTH,30.0
1989-01-01,NAHAL ZIN MOUTH,53.0
1990-01-01,NAHAL ZIN MOUTH,41.0
1991-01-01,NAHAL ZIN MOUTH,32.0
1992-01-01,NAHAL ZIN MOUTH,14.0
1993-01-01,NAHAL ZIN MOUTH,55.0
1994-01-01,NAHAL ZIN MOUTH,60.0
1995-01-01,NAHAL ZIN MOUTH,23.0
1996-01-01,NAHAL ZIN MOUTH,44.0
1997-01-01,NAHAL ZIN MOUTH,40.0
1998-01-01,NAHAL ZIN MOUTH,21.0
1999-01-01,NAHAL ZIN MOUTH,5.0
2000-01-01,NAHAL ZIN MOUTH,37.0
2001-01-01,NAHAL ZIN MOUTH,13.0
2002-01-01,NAHAL ZIN MOUTH,45.0
2003-01-01,NAHAL ZIN MOUTH,52.0
2004-01-01,NAHAL ZIN MOUTH,75.0
2005-01-01,NAHAL ZIN MOUTH,21.0
2006-01-01,NAHAL ZIN MOUTH,33.0
2007-01-01,NAHAL ZIN MOUTH,27.0
2008-01-01,NAHAL ZIN MOUTH,7.0
2009-01-01,NAHAL ZIN MOUTH,45.0
2010-01-01,NAHAL ZIN MOUTH,46.40172413793104
2011-01-01,NAHAL ZIN MOUTH,18.0
2012-01-01,NAHAL ZIN MOUTH,27.0
2013-01-01,NAHAL ZIN MOUTH,93.0
2014-01-01,NAHAL ZIN MOUTH,58.0
2015-01-01,NAHAL ZIN MOUTH,87.0
2016-01-01,NAHAL ZIN MOUTH,31.0
2017-01-01,NAHAL ZIN MOUTH,33.0
2018-01-01,NAHAL ZIN MOUTH,49.0
2019-01-01,NAHAL ZIN MOUTH,47.0
2020-01-01,NAHAL ZIN MOUTH,18.0
2021-01-01,NAHAL ZIN MOUTH,32.0
1949-01-01,NAHAL ZAVOA CROSS,
1950-01-01,NAHAL ZAVOA CROSS,
1951-01-01,NAHAL ZAVOA CROSS,
1952-01-01,NAHAL ZAVOA CROSS,110.0
1953-01-01,NAHAL ZAVOA CROSS,144.1
1954-01-01,NAHAL ZAVOA CROSS,116.0
1955-01-01,NAHAL ZAVOA CROSS,144.0
1956-01-01,NAHAL ZAVOA CROSS,228.0
1957-01-01,NAHAL ZAVOA CROSS,73.0
1958-01-01,NAHAL ZAVOA CROSS,141.0
1959-01-01,NAHAL ZAVOA CROSS,52.0
1960-01-01,NAHAL ZAVOA CROSS,123.0
1961-01-01,NAHAL ZAVOA CROSS,72.0
1962-01-01,NAHAL ZAVOA CROSS,30.0
1963-01-01,NAHAL ZAVOA CROSS,195.0
1964-01-01,NAHAL ZAVOA CROSS,208.0
1965-01-01,NAHAL ZAVOA CROSS,92.0
1966-01-01,NAHAL ZAVOA CROSS,140.0
1967-01-01,NAHAL ZAVOA CROSS,125.0
1968-01-01,NAHAL ZAVOA CROSS,86.0
1969-01-01,NAHAL ZAVOA CROSS,76.0
1970-01-01,NAHAL ZAVOA CROSS,156.0
1971-01-01,NAHAL ZAVOA CROSS,243.0
1972-01-01,NAHAL ZAVOA CROSS,65.0
1973-01-01,NAHAL ZAVOA CROSS,201.0
1974-01-01,NAHAL ZAVOA CROSS,109.0
1975-01-01,NAHAL ZAVOA CROSS,87.0
1976-01-01,NAHAL ZAVOA CROSS,84.0
1977-01-01,NAHAL ZAVOA CROSS,78.0
1978-01-01,NAHAL ZAVOA CROSS,100.0
1979-01-01,NAHAL ZAVOA CROSS,182.0
1980-01-01,NAHAL ZAVOA CROSS,147.0
1981-01-01,NAHAL ZAVOA CROSS,57.0
1982-01-01,NAHAL ZAVOA CROSS,174.0
1983-01-01,NAHAL ZAVOA CROSS,84.0
1984-01-01,NAHAL ZAVOA CROSS,85.0
1985-01-01,NAHAL ZAVOA CROSS,182.0
1986-01-01,NAHAL ZAVOA CROSS,117.5
1987-01-01,NAHAL ZAVOA CROSS,149.0
1988-01-01,NAHAL ZAVOA CROSS,134.0
1989-01-01,NAHAL ZAVOA CROSS,121.0
1990-01-01,NAHAL ZAVOA CROSS,156.0
1991-01-01,NAHAL ZAVOA CROSS,209.0
1992-01-01,NAHAL ZAVOA CROSS,107.0
1993-01-01,NAHAL ZAVOA CROSS,117.0
1994-01-01,NAHAL ZAVOA CROSS,264.0
1995-01-01,NAHAL ZAVOA CROSS,51.0
1996-01-01,NAHAL ZAVOA CROSS,101.0
1997-01-01,NAHAL ZAVOA CROSS,125.0
1998-01-01,NAHAL ZAVOA CROSS,52.0
1999-01-01,NAHAL ZAVOA CROSS,50.0
2000-01-01,NAHAL ZAVOA CROSS,129.0
2001-01-01,NAHAL ZAVOA CROSS,127.0
2002-01-01,NAHAL ZAVOA CROSS,115.0
2003-01-01,NAHAL ZAVOA CROSS,99.0
2004-01-01,NAHAL ZAVOA CROSS,107.0
2005-01-01,NAHAL ZAVOA CROSS,80.0
2006-01-01,NAHAL ZAVOA CROSS,158.0
2007-01-01,NAHAL ZAVOA CROSS,75.0
2008-01-01,NAHAL ZAVOA CROSS,38.0
2009-01-01,NAHAL ZAVOA CROSS,188.0
2010-01-01,NAHAL ZAVOA CROSS,120.00869565217391
2011-01-01,NAHAL ZAVOA CROSS,56.0
2012-01-01,NAHAL ZAVOA CROSS,118.0
2013-01-01,NAHAL ZAVOA CROSS,123.0
2014-01-01,NAHAL ZAVOA CROSS,176.0
2015-01-01,NAHAL ZAVOA CROSS,136.0
2016-01-01,NAHAL ZAVOA CROSS,80.0
2017-01-01,NAHAL ZAVOA CROSS,113.0
2018-01-01,NAHAL ZAVOA CROSS,99.5
2019-01-01,NAHAL ZAVOA CROSS,170.5
2020-01-01,NAHAL ZAVOA CROSS,67.0
2021-01-01,NAHAL ZAVOA CROSS,83.0
1949-01-01,NAHAL OMER KM 129,
1950-01-01,NAHAL OMER KM 129,
1951-01-01,NAHAL OMER KM 129,
1952-01-01,NAHAL OMER KM 129,
1953-01-01,NAHAL OMER KM 129,
1954-01-01,NAHAL OMER KM 129,
1955-01-01,NAHAL OMER KM 129,
1956-01-01,NAHAL OMER KM 129,
1957-01-01,NAHAL OMER KM 129,
1958-01-01,NAHAL OMER KM 129,
1959-01-01,NAHAL OMER KM 129,
1960-01-01,NAHAL OMER KM 129,
1961-01-01,NAHAL OMER KM 129,
1962-01-01,NAHAL OMER KM 129,
1963-01-01,NAHAL OMER KM 129,
1964-01-01,NAHAL OMER KM 129,
1965-01-01,NAHAL OMER KM 129,
1966-01-01,NAHAL OMER KM 129,
1967-01-01,NAHAL OMER KM 129,
1968-01-01,NAHAL OMER KM 129,
1969-01-01,NAHAL OMER KM 129,
1970-01-01,NAHAL OMER KM 129,
1971-01-01,NAHAL OMER KM 129,
1972-01-01,NAHAL OMER KM 129,
1973-01-01,NAHAL OMER KM 129,79.0
1974-01-01,NAHAL OMER KM 129,79.0
1975-01-01,NAHAL OMER KM 129,31.0
1976-01-01,NAHAL OMER KM 129,13.0
1977-01-01,NAHAL OMER KM 129,19.5
1978-01-01,NAHAL OMER KM 129,22.0
1979-01-01,NAHAL OMER KM 129,26.0
1980-01-01,NAHAL OMER KM 129,85.0
1981-01-01,NAHAL OMER KM 129,35.0
1982-01-01,NAHAL OMER KM 129,47.0
1983-01-01,NAHAL OMER KM 129,1.0
1984-01-01,NAHAL OMER KM 129,41.0
1985-01-01,NAHAL OMER KM 129,65.0
1986-01-01,NAHAL OMER KM 129,50.0
1987-01-01,NAHAL OMER KM 129,56.0
1988-01-01,NAHAL OMER KM 129,44.0
1989-01-01,NAHAL OMER KM 129,48.0
1990-01-01,NAHAL OMER KM 129,47.0
1991-01-01,NAHAL OMER KM 129,26.0
1992-01-01,NAHAL OMER KM 129,9.0
1993-01-01,NAHAL OMER KM 129,53.0
1994-01-01,NAHAL OMER KM 129,39.0
1995-01-01,NAHAL OMER KM 129,24.0
1996-01-01,NAHAL OMER KM 129,29.0
1997-01-01,NAHAL OMER KM 129,38.0
1998-01-01,NAHAL OMER KM 129,16.0
1999-01-01,NAHAL OMER KM 129,7.0
2000-01-01,NAHAL OMER KM 129,22.0
2001-01-01,NAHAL OMER KM 129,6.0
2002-01-01,NAHAL OMER KM 129,19.0
2003-01-01,NAHAL OMER KM 129,35.0
2004-01-01,NAHAL OMER KM 129,32.0
2005-01-01,NAHAL OMER KM 129,16.0
2006-01-01,NAHAL OMER KM 129,19.0
2007-01-01,NAHAL OMER KM 129,26.0
2008-01-01,NAHAL OMER KM 129,17.0
2009-01-01,NAHAL OMER KM 129,66.0
2010-01-01,NAHAL OMER KM 129,42.0
2011-01-01,NAHAL OMER KM 129,16.0
2012-01-01,NAHAL OMER KM 129,29.0
2013-01-01,NAHAL OMER KM 129,69.0
2014-01-01,NAHAL OMER KM 129,41.0
2015-01-01,NAHAL OMER KM 129,56.0
2016-01-01,NAHAL OMER KM 129,23.0
2017-01-01,NAHAL OMER KM 129,79.5
2018-01-01,NAHAL OMER KM 129,61.0
2019-01-01,NAHAL OMER KM 129,85.5
2020-01-01,NAHAL OMER KM 129,12.5
2021-01-01,NAHAL OMER KM 129,22.0
1949-01-01,NAHAL HIYYON,
1950-01-01,NAHAL HIYYON,
1951-01-01,NAHAL HIYYON,
1952-01-01,NAHAL HIYYON,
1953-01-01,NAHAL HIYYON,
1954-01-01,NAHAL HIYYON,
1955-01-01,NAHAL HIYYON,
1956-01-01,NAHAL HIYYON,
1957-01-01,NAHAL HIYYON,
1958-01-01,NAHAL HIYYON,16.0
1959-01-01,NAHAL HIYYON,3.5
1960-01-01,NAHAL HIYYON,18.0
1961-01-01,NAHAL HIYYON,33.0
1962-01-01,NAHAL HIYYON,25.0
1963-01-01,NAHAL HIYYON,18.0
1964-01-01,NAHAL HIYYON,66.0
1965-01-01,NAHAL HIYYON,22.0
1966-01-01,NAHAL HIYYON,43.0
1967-01-01,NAHAL HIYYON,17.0
1968-01-01,NAHAL HIYYON,44.0
1969-01-01,NAHAL HIYYON,9.0
1970-01-01,NAHAL HIYYON,36.0
1971-01-01,NAHAL HIYYON,57.0
1972-01-01,NAHAL HIYYON,19.0
1973-01-01,NAHAL HIYYON,39.0
1974-01-01,NAHAL HIYYON,80.0
1975-01-01,NAHAL HIYYON,35.0
1976-01-01,NAHAL HIYYON,7.0
1977-01-01,NAHAL HIYYON,5.0
1978-01-01,NAHAL HIYYON,22.0
1979-01-01,NAHAL HIYYON,23.0
1980-01-01,NAHAL HIYYON,54.0
1981-01-01,NAHAL HIYYON,5.0
1982-01-01,NAHAL HIYYON,45.0
1983-01-01,NAHAL HIYYON,2.0
1984-01-01,NAHAL HIYYON,18.0
1985-01-01,NAHAL HIYYON,45.0
1986-01-01,NAHAL HIYYON,19.5
1987-01-01,NAHAL HIYYON,43.0
1988-01-01,NAHAL HIYYON,34.0
1989-01-01,NAHAL HIYYON,15.0
1990-01-01,NAHAL HIYYON,28.0
1991-01-01,NAHAL HIYYON,31.0
1992-01-01,NAHAL HIYYON,12.0
1993-01-01,NAHAL HIYYON,57.0
1994-01-01,NAHAL HIYYON,72.0
1995-01-01,NAHAL HIYYON,20.0
1996-01-01,NAHAL HIYYON,19.0
1997-01-01,NAHAL HIYYON,18.0
1998-01-01,NAHAL HIYYON,20.0
1999-01-01,NAHAL HIYYON,2.0
2000-01-01,NAHAL HIYYON,21.0
2001-01-01,NAHAL HIYYON,6.0
2002-01-01,NAHAL HIYYON,9.0
2003-01-01,NAHAL HIYYON,12.0
2004-01-01,NAHAL HIYYON,25.0
2005-01-01,NAHAL HIYYON,25.0
2006-01-01,NAHAL HIYYON,8.0
2007-01-01,NAHAL HIYYON,13.0
2008-01-01,NAHAL HIYYON,5.0
2009-01-01,NAHAL HIYYON,51.0
2010-01-01,NAHAL HIYYON,12.0
2011-01-01,NAHAL HIYYON,9.0
2012-01-01,NAHAL HIYYON,29.0
2013-01-01,NAHAL HIYYON,40.0
2014-01-01,NAHAL HIYYON,14.0
2015-01-01,NAHAL HIYYON,39.0
2016-01-01,NAHAL HIYYON,32.5
2017-01-01,NAHAL HIYYON,51.0
2018-01-01,NAHAL HIYYON,30.0
2019-01-01,NAHAL HIYYON,89.5
2020-01-01,NAHAL HIYYON,10.0
2021-01-01,NAHAL HIYYON,24.0
1949-01-01,MIZPE ELAT,
1950-01-01,MIZPE ELAT,
1951-01-01,MIZPE ELAT,
1952-01-01,MIZPE ELAT,
1953-01-01,MIZPE ELAT,
1954-01-01,MIZPE ELAT,
1955-01-01,MIZPE ELAT,
1956-01-01,MIZPE ELAT,
1957-01-01,MIZPE ELAT,
1958-01-01,MIZPE ELAT,
1959-01-01,MIZPE ELAT,
1960-01-01,MIZPE ELAT,
1961-01-01,MIZPE ELAT,
1962-01-01,MIZPE ELAT,
1963-01-01,MIZPE ELAT,
1964-01-01,MIZPE ELAT,
1965-01-01,MIZPE ELAT,
1966-01-01,MIZPE ELAT,
1967-01-01,MIZPE ELAT,
1968-01-01,MIZPE ELAT,
1969-01-01,MIZPE ELAT,
1970-01-01,MIZPE ELAT,
1971-01-01,MIZPE ELAT,
1972-01-01,MIZPE ELAT,
1973-01-01,MIZPE ELAT,
1974-01-01,MIZPE ELAT,
1975-01-01,MIZPE ELAT,
1976-01-01,MIZPE ELAT,
1977-01-01,MIZPE ELAT,
1978-01-01,MIZPE ELAT,
1979-01-01,MIZPE ELAT,
1980-01-01,MIZPE ELAT,
1981-01-01,MIZPE ELAT,
1982-01-01,MIZPE ELAT,
1983-01-01,MIZPE ELAT,
1984-01-01,MIZPE ELAT,
1985-01-01,MIZPE ELAT,
1986-01-01,MIZPE ELAT,18.5
1987-01-01,MIZPE ELAT,58.0
1988-01-01,MIZPE ELAT,26.0
1989-01-01,MIZPE ELAT,18.0
1990-01-01,MIZPE ELAT,60.0
1991-01-01,MIZPE ELAT,21.32857142857143
1992-01-01,MIZPE ELAT,5.0
1993-01-01,MIZPE ELAT,39.0
1994-01-01,MIZPE ELAT,43.0
1995-01-01,MIZPE ELAT,1.5
1996-01-01,MIZPE ELAT,16.0
1997-01-01,MIZPE ELAT,46.0
1998-01-01,MIZPE ELAT,24.0
1999-01-01,MIZPE ELAT,1.0
2000-01-01,MIZPE ELAT,22.0
2001-01-01,MIZPE ELAT,10.0
2002-01-01,MIZPE ELAT,5.0
2003-01-01,MIZPE ELAT,25.0
2004-01-01,MIZPE ELAT,5.0
2005-01-01,MIZPE ELAT,2.0
2006-01-01,MIZPE ELAT,12.0
2007-01-01,MIZPE ELAT,5.0
2008-01-01,MIZPE ELAT,2.0
2009-01-01,MIZPE ELAT,30.0
2010-01-01,MIZPE ELAT,5.0
2011-01-01,MIZPE ELAT,1.0
2012-01-01,MIZPE ELAT,25.0
2013-01-01,MIZPE ELAT,83.0
2014-01-01,MIZPE ELAT,17.0
2015-01-01,MIZPE ELAT,13.0
2016-01-01,MIZPE ELAT,20.5
2017-01-01,MIZPE ELAT,29.0
2018-01-01,MIZPE ELAT,11.0
2019-01-01,MIZPE ELAT,24.5
2020-01-01,MIZPE ELAT,15.5
2021-01-01,MIZPE ELAT,28.0
1949-01-01,MAKHTESH RAMON,
1950-01-01,MAKHTESH RAMON,
1951-01-01,MAKHTESH RAMON,
1952-01-01,MAKHTESH RAMON,
1953-01-01,MAKHTESH RAMON,
1954-01-01,MAKHTESH RAMON,
1955-01-01,MAKHTESH RAMON,
1956-01-01,MAKHTESH RAMON,77.0
1957-01-01,MAKHTESH RAMON,64.84426229508196
1958-01-01,MAKHTESH RAMON,82.0
1959-01-01,MAKHTESH RAMON,27.0
1960-01-01,MAKHTESH RAMON,58.0
1961-01-01,MAKHTESH RAMON,61.0
1962-01-01,MAKHTESH RAMON,28.0
1963-01-01,MAKHTESH RAMON,110.0
1964-01-01,MAKHTESH RAMON,101.0
1965-01-01,MAKHTESH RAMON,51.0
1966-01-01,MAKHTESH RAMON,91.0
1967-01-01,MAKHTESH RAMON,77.0
1968-01-01,MAKHTESH RAMON,86.0
1969-01-01,MAKHTESH RAMON,50.0
1970-01-01,MAKHTESH RAMON,76.0
1971-01-01,MAKHTESH RAMON,107.0
1972-01-01,MAKHTESH RAMON,39.0
1973-01-01,MAKHTESH RAMON,99.0
1974-01-01,MAKHTESH RAMON,68.0
1975-01-01,MAKHTESH RAMON,69.0
1976-01-01,MAKHTESH RAMON,53.0
1977-01-01,MAKHTESH RAMON,47.5
1978-01-01,MAKHTESH RAMON,47.0
1979-01-01,MAKHTESH RAMON,138.0
1980-01-01,MAKHTESH RAMON,78.0
1981-01-01,MAKHTESH RAMON,79.0
1982-01-01,MAKHTESH RAMON,105.0
1983-01-01,MAKHTESH RAMON,21.0
1984-01-01,MAKHTESH RAMON,63.0
1985-01-01,MAKHTESH RAMON,46.0
1986-01-01,MAKHTESH RAMON,38.0
1987-01-01,MAKHTESH RAMON,92.0
1988-01-01,MAKHTESH RAMON,79.0
1989-01-01,MAKHTESH RAMON,67.0
1990-01-01,MAKHTESH RAMON,91.0
1991-01-01,MAKHTESH RAMON,206.0
1992-01-01,MAKHTESH RAMON,29.0
1993-01-01,MAKHTESH RAMON,62.0
1994-01-01,MAKHTESH RAMON,117.0
1995-01-01,MAKHTESH RAMON,35.0
1996-01-01,MAKHTESH RAMON,59.0
1997-01-01,MAKHTESH RAMON,95.0
1998-01-01,MAKHTESH RAMON,15.0
1999-01-01,MAKHTESH RAMON,20.0
2000-01-01,MAKHTESH RAMON,42.0
2001-01-01,MAKHTESH RAMON,24.0
2002-01-01,MAKHTESH RAMON,39.0
2003-01-01,MAKHTESH RAMON,47.0
2004-01-01,MAKHTESH RAMON,42.0
2005-01-01,MAKHTESH RAMON,36.0
2006-01-01,MAKHTESH RAMON,73.0
2007-01-01,MAKHTESH RAMON,44.0
2008-01-01,MAKHTESH RAMON,64.84426229508196
2009-01-01,MAKHTESH RAMON,64.84426229508196
2010-01-01,MAKHTESH RAMON,64.84426229508196
2011-01-01,MAKHTESH RAMON,64.84426229508196
2012-01-01,MAKHTESH RAMON,40.0
2013-01-01,MAKHTESH RAMON,35.0
2014-01-01,MAKHTESH RAMON,97.0
2015-01-01,MAKHTESH RAMON,76.0
2016-01-01,MAKHTESH RAMON,30.5
2017-01-01,MAKHTESH RAMON,63.0
2018-01-01,MAKHTESH RAMON,59.5
2019-01-01,MAKHTESH RAMON,121.5
2020-01-01,MAKHTESH RAMON,10.5
2021-01-01,MAKHTESH RAMON,36.0
1949-01-01,KOKHAV,
1950-01-01,KOKHAV,
1951-01-01,KOKHAV,
1952-01-01,KOKHAV,92.0
1953-01-01,KOKHAV,94.0
1954-01-01,KOKHAV,66.0
1955-01-01,KOKHAV,160.0
1956-01-01,KOKHAV,139.0
1957-01-01,KOKHAV,77.0
1958-01-01,KOKHAV,119.0
1959-01-01,KOKHAV,56.0
1960-01-01,KOKHAV,71.0
1961-01-01,KOKHAV,55.0
1962-01-01,KOKHAV,35.0
1963-01-01,KOKHAV,166.0
1964-01-01,KOKHAV,227.0
1965-01-01,KOKHAV,95.0
1966-01-01,KOKHAV,95.37121212121212
1967-01-01,KOKHAV,95.37121212121212
1968-01-01,KOKHAV,86.0
1969-01-01,KOKHAV,59.0
1970-01-01,KOKHAV,95.37121212121212
1971-01-01,KOKHAV,183.0
1972-01-01,KOKHAV,56.0
1973-01-01,KOKHAV,176.0
1974-01-01,KOKHAV,106.0
1975-01-01,KOKHAV,44.0
1976-01-01,KOKHAV,83.0
1977-01-01,KOKHAV,51.0
1978-01-01,KOKHAV,84.0
1979-01-01,KOKHAV,175.0
1980-01-01,KOKHAV,129.0
1981-01-01,KOKHAV,59.0
1982-01-01,KOKHAV,135.0
1983-01-01,KOKHAV,59.0
1984-01-01,KOKHAV,71.0
1985-01-01,KOKHAV,134.0
1986-01-01,KOKHAV,65.0
1987-01-01,KOKHAV,110.0
1988-01-01,KOKHAV,151.0
1989-01-01,KOKHAV,87.0
1990-01-01,KOKHAV,160.0
1991-01-01,KOKHAV,173.0
1992-01-01,KOKHAV,63.0
1993-01-01,KOKHAV,58.0
1994-01-01,KOKHAV,165.0
1995-01-01,KOKHAV,35.0
1996-01-01,KOKHAV,119.0
1997-01-01,KOKHAV,77.0
1998-01-01,KOKHAV,43.0
1999-01-01,KOKHAV,36.0
2000-01-01,KOKHAV,77.0
2001-01-01,KOKHAV,88.0
2002-01-01,KOKHAV,75.0
2003-01-01,KOKHAV,100.0
2004-01-01,KOKHAV,87.0
2005-01-01,KOKHAV,58.0
2006-01-01,KOKHAV,154.0
2007-01-01,KOKHAV,54.0
2008-01-01,KOKHAV,39.0
2009-01-01,KOKHAV,171.0
2010-01-01,KOKHAV,95.37121212121212
2011-01-01,KOKHAV,38.0
2012-01-01,KOKHAV,101.0
2013-01-01,KOKHAV,91.0
2014-01-01,KOKHAV,116.0
2015-01-01,KOKHAV,104.0
2016-01-01,KOKHAV,59.0
2017-01-01,KOKHAV,67.5
2018-01-01,KOKHAV,71.0
2019-01-01,KOKHAV,161.5
2020-01-01,KOKHAV,27.5
2021-01-01,KOKHAV,71.0
1949-01-01,KM 71 ARAVA RD,
1950-01-01,KM 71 ARAVA RD,
1951-01-01,KM 71 ARAVA RD,
1952-01-01,KM 71 ARAVA RD,
1953-01-01,KM 71 ARAVA RD,
1954-01-01,KM 71 ARAVA RD,
1955-01-01,KM 71 ARAVA RD,
1956-01-01,KM 71 ARAVA RD,
1957-01-01,KM 71 ARAVA RD,
1958-01-01,KM 71 ARAVA RD,
1959-01-01,KM 71 ARAVA RD,32.0
1960-01-01,KM 71 ARAVA RD,40.0
1961-01-01,KM 71 ARAVA RD,38.0
1962-01-01,KM 71 ARAVA RD,38.0
1963-01-01,KM 71 ARAVA RD,28.0
1964-01-01,KM 71 ARAVA RD,27.016666666666666
1965-01-01,KM 71 ARAVA RD,33.0
1966-01-01,KM 71 ARAVA RD,20.0
1967-01-01,KM 71 ARAVA RD,23.0
1968-01-01,KM 71 ARAVA RD,36.0
1969-01-01,KM 71 ARAVA RD,4.0
1970-01-01,KM 71 ARAVA RD,41.0
1971-01-01,KM 71 ARAVA RD,67.0
1972-01-01,KM 71 ARAVA RD,15.0
1973-01-01,KM 71 ARAVA RD,31.0
1974-01-01,KM 71 ARAVA RD,76.0
1975-01-01,KM 71 ARAVA RD,42.0
1976-01-01,KM 71 ARAVA RD,10.0
1977-01-01,KM 71 ARAVA RD,9.0
1978-01-01,KM 71 ARAVA RD,33.0
1979-01-01,KM 71 ARAVA RD,24.0
1980-01-01,KM 71 ARAVA RD,47.0
1981-01-01,KM 71 ARAVA RD,15.0
1982-01-01,KM 71 ARAVA RD,40.0
1983-01-01,KM 71 ARAVA RD,13.0
1984-01-01,KM 71 ARAVA RD,24.0
1985-01-01,KM 71 ARAVA RD,32.0
1986-01-01,KM 71 ARAVA RD,26.0
1987-01-01,KM 71 ARAVA RD,56.0
1988-01-01,KM 71 ARAVA RD,60.0
1989-01-01,KM 71 ARAVA RD,23.0
1990-01-01,KM 71 ARAVA RD,34.0
1991-01-01,KM 71 ARAVA RD,23.0
1992-01-01,KM 71 ARAVA RD,25.0
1993-01-01,KM 71 ARAVA RD,24.0
1994-01-01,KM 71 ARAVA RD,25.0
1995-01-01,KM 71 ARAVA RD,17.0
1996-01-01,KM 71 ARAVA RD,9.0
1997-01-01,KM 71 ARAVA RD,29.0
1998-01-01,KM 71 ARAVA RD,31.0
1999-01-01,KM 71 ARAVA RD,1.0
2000-01-01,KM 71 ARAVA RD,15.0
2001-01-01,KM 71 ARAVA RD,6.0
2002-01-01,KM 71 ARAVA RD,8.0
2003-01-01,KM 71 ARAVA RD,30.0
2004-01-01,KM 71 ARAVA RD,11.0
2005-01-01,KM 71 ARAVA RD,15.0
2006-01-01,KM 71 ARAVA RD,10.0
2007-01-01,KM 71 ARAVA RD,13.0
2008-01-01,KM 71 ARAVA RD,8.0
2009-01-01,KM 71 ARAVA RD,36.0
2010-01-01,KM 71 ARAVA RD,7.0
2011-01-01,KM 71 ARAVA RD,4.0
2012-01-01,KM 71 ARAVA RD,27.016666666666666
2013-01-01,KM 71 ARAVA RD,27.016666666666666
2014-01-01,KM 71 ARAVA RD,24.0
2015-01-01,KM 71 ARAVA RD,34.0
2016-01-01,KM 71 ARAVA RD,40.0
2017-01-01,KM 71 ARAVA RD,31.0
2018-01-01,KM 71 ARAVA RD,19.0
2019-01-01,KM 71 ARAVA RD,70.0
2020-01-01,KM 71 ARAVA RD,13.0
2021-01-01,KM 71 ARAVA RD,33.0
1949-01-01,HAR HORESHA,
1950-01-01,HAR HORESHA,
1951-01-01,HAR HORESHA,
1952-01-01,HAR HORESHA,
1953-01-01,HAR HORESHA,
1954-01-01,HAR HORESHA,
1955-01-01,HAR HORESHA,
1956-01-01,HAR HORESHA,
1957-01-01,HAR HORESHA,
1958-01-01,HAR HORESHA,
1959-01-01,HAR HORESHA,
1960-01-01,HAR HORESHA,
1961-01-01,HAR HORESHA,
1962-01-01,HAR HORESHA,
1963-01-01,HAR HORESHA,
1964-01-01,HAR HORESHA,
1965-01-01,HAR HORESHA,
1966-01-01,HAR HORESHA,
1967-01-01,HAR HORESHA,
1968-01-01,HAR HORESHA,
1969-01-01,HAR HORESHA,
1970-01-01,HAR HORESHA,
1971-01-01,HAR HORESHA,
1972-01-01,HAR HORESHA,
1973-01-01,HAR HORESHA,
1974-01-01,HAR HORESHA,
1975-01-01,HAR HORESHA,
1976-01-01,HAR HORESHA,
1977-01-01,HAR HORESHA,
1978-01-01,HAR HORESHA,
1979-01-01,HAR HORESHA,
1980-01-01,HAR HORESHA,
1981-01-01,HAR HORESHA,
1982-01-01,HAR HORESHA,
1983-01-01,HAR HORESHA,
1984-01-01,HAR HORESHA,
1985-01-01,HAR HORESHA,76.0
1986-01-01,HAR HORESHA,83.0
1987-01-01,HAR HORESHA,137.0
1988-01-01,HAR HORESHA,107.0
1989-01-01,HAR HORESHA,107.0
1990-01-01,HAR HORESHA,130.0
1991-01-01,HAR HORESHA,101.0
1992-01-01,HAR HORESHA,36.0
1993-01-01,HAR HORESHA,83.0
1994-01-01,HAR HORESHA,180.0
1995-01-01,HAR HORESHA,35.0
1996-01-01,HAR HORESHA,125.0
1997-01-01,HAR HORESHA,91.0
1998-01-01,HAR HORESHA,31.0
1999-01-01,HAR HORESHA,27.0
2000-01-01,HAR HORESHA,75.0
2001-01-01,HAR HORESHA,66.0
2002-01-01,HAR HORESHA,62.0
2003-01-01,HAR HORESHA,93.0
2004-01-01,HAR HORESHA,58.0
2005-01-01,HAR HORESHA,119.0
2006-01-01,HAR HORESHA,93.0
2007-01-01,HAR HORESHA,51.0
2008-01-01,HAR HORESHA,34.0
2009-01-01,HAR HORESHA,225.0
2010-01-01,HAR HORESHA,65.0
2011-01-01,HAR HORESHA,88.07692307692308
2012-01-01,HAR HORESHA,88.07692307692308
2013-01-01,HAR HORESHA,88.07692307692308
2014-01-01,HAR HORESHA,88.07692307692308
2015-01-01,HAR HORESHA,88.07692307692308
2016-01-01,HAR HORESHA,88.07692307692308
2017-01-01,HAR HORESHA,88.07692307692308
2018-01-01,HAR HORESHA,88.07692307692308
2019-01-01,HAR HORESHA,88.07692307692308
2020-01-01,HAR HORESHA,88.07692307692308
2021-01-01,HAR HORESHA,88.07692307692308
1949-01-01,HAR HATIRA ASCENT,
1950-01-01,HAR HATIRA ASCENT,
1951-01-01,HAR HATIRA ASCENT,
1952-01-01,HAR HATIRA ASCENT,80.0
1953-01-01,HAR HATIRA ASCENT,96.2
1954-01-01,HAR HATIRA ASCENT,83.0
1955-01-01,HAR HATIRA ASCENT,125.0
1956-01-01,HAR HATIRA ASCENT,138.0
1957-01-01,HAR HATIRA ASCENT,52.0
1958-01-01,HAR HATIRA ASCENT,102.0
1959-01-01,HAR HATIRA ASCENT,73.0
1960-01-01,HAR HATIRA ASCENT,80.0
1961-01-01,HAR HATIRA ASCENT,84.0
1962-01-01,HAR HATIRA ASCENT,38.0
1963-01-01,HAR HATIRA ASCENT,151.0
1964-01-01,HAR HATIRA ASCENT,148.0
1965-01-01,HAR HATIRA ASCENT,70.0
1966-01-01,HAR HATIRA ASCENT,89.3
1967-01-01,HAR HATIRA ASCENT,89.3
1968-01-01,HAR HATIRA ASCENT,61.0
1969-01-01,HAR HATIRA ASCENT,101.0
1970-01-01,HAR HATIRA ASCENT,89.0
1971-01-01,HAR HATIRA ASCENT,55.0
1972-01-01,HAR HATIRA ASCENT,55.0
1973-01-01,HAR HATIRA ASCENT,89.3
1974-01-01,HAR HATIRA ASCENT,89.3
1975-01-01,HAR HATIRA ASCENT,78.0
1976-01-01,HAR HATIRA ASCENT,69.0
1977-01-01,HAR HATIRA ASCENT,46.0
1978-01-01,HAR HATIRA ASCENT,83.0
1979-01-01,HAR HATIRA ASCENT,187.0
1980-01-01,HAR HATIRA ASCENT,133.0
1981-01-01,HAR HATIRA ASCENT,85.0
1982-01-01,HAR HATIRA ASCENT,143.0
1983-01-01,HAR HATIRA ASCENT,65.0
1984-01-01,HAR HATIRA ASCENT,69.0
1985-01-01,HAR HATIRA ASCENT,159.0
1986-01-01,HAR HATIRA ASCENT,66.5
1987-01-01,HAR HATIRA ASCENT,101.0
1988-01-01,HAR HATIRA ASCENT,98.0
1989-01-01,HAR HATIRA ASCENT,81.0
1990-01-01,HAR HATIRA ASCENT,89.3
1991-01-01,HAR HATIRA ASCENT,153.0
1992-01-01,HAR HATIRA ASCENT,55.0
1993-01-01,HAR HATIRA ASCENT,72.0
1994-01-01,HAR HATIRA ASCENT,137.0
1995-01-01,HAR HATIRA ASCENT,38.0
1996-01-01,HAR HATIRA ASCENT,103.0
1997-01-01,HAR HATIRA ASCENT,80.0
1998-01-01,HAR HATIRA ASCENT,34.0
1999-01-01,HAR HATIRA ASCENT,33.0
2000-01-01,HAR HATIRA ASCENT,107.0
2001-01-01,HAR HATIRA ASCENT,94.0
2002-01-01,HAR HATIRA ASCENT,76.0
2003-01-01,HAR HATIRA ASCENT,58.0
2004-01-01,HAR HATIRA ASCENT,83.0
2005-01-01,HAR HATIRA ASCENT,63.0
2006-01-01,HAR HATIRA ASCENT,135.0
2007-01-01,HAR HATIRA ASCENT,82.0
2008-01-01,HAR HATIRA ASCENT,48.0
2009-01-01,HAR HATIRA ASCENT,149.0
2010-01-01,HAR HATIRA ASCENT,44.0
2011-01-01,HAR HATIRA ASCENT,133.0
2012-01-01,HAR HATIRA ASCENT,89.0
2013-01-01,HAR HATIRA ASCENT,78.0
2014-01-01,HAR HATIRA ASCENT,114.0
2015-01-01,HAR HATIRA ASCENT,74.0
2016-01-01,HAR HATIRA ASCENT,142.5
2017-01-01,HAR HATIRA ASCENT,67.5
2018-01-01,HAR HATIRA ASCENT,75.5
2019-01-01,HAR HATIRA ASCENT,136.5
2020-01-01,HAR HATIRA ASCENT,16.5
2021-01-01,HAR HATIRA ASCENT,89.3
1949-01-01,HAMESHAR,
1950-01-01,HAMESHAR,
1951-01-01,HAMESHAR,
1952-01-01,HAMESHAR,
1953-01-01,HAMESHAR,
1954-01-01,HAMESHAR,
1955-01-01,HAMESHAR,
1956-01-01,HAMESHAR,74.0
1957-01-01,HAMESHAR,35.83064516129032
1958-01-01,HAMESHAR,20.0
1959-01-01,HAMESHAR,30.0
1960-01-01,HAMESHAR,39.0
1961-01-01,HAMESHAR,47.0
1962-01-01,HAMESHAR,27.0
1963-01-01,HAMESHAR,25.0
1964-01-01,HAMESHAR,38.0
1965-01-01,HAMESHAR,20.0
1966-01-01,HAMESHAR,36.0
1967-01-01,HAMESHAR,55.0
1968-01-01,HAMESHAR,61.0
1969-01-01,HAMESHAR,17.0
1970-01-01,HAMESHAR,60.0
1971-01-01,HAMESHAR,45.0
1972-01-01,HAMESHAR,25.0
1973-01-01,HAMESHAR,38.0
1974-01-01,HAMESHAR,84.0
1975-01-01,HAMESHAR,37.0
1976-01-01,HAMESHAR,20.0
1977-01-01,HAMESHAR,28.5
1978-01-01,HAMESHAR,17.0
1979-01-01,HAMESHAR,34.0
1980-01-01,HAMESHAR,64.0
1981-01-01,HAMESHAR,22.0
1982-01-01,HAMESHAR,45.0
1983-01-01,HAMESHAR,37.0
1984-01-01,HAMESHAR,17.0
1985-01-01,HAMESHAR,42.0
1986-01-01,HAMESHAR,25.0
1987-01-01,HAMESHAR,83.0
1988-01-01,HAMESHAR,41.0
1989-01-01,HAMESHAR,31.0
1990-01-01,HAMESHAR,45.0
1991-01-01,HAMESHAR,40.0
1992-01-01,HAMESHAR,11.0
1993-01-01,HAMESHAR,48.0
1994-01-01,HAMESHAR,66.0
1995-01-01,HAMESHAR,16.0
1996-01-01,HAMESHAR,24.0
1997-01-01,HAMESHAR,29.0
1998-01-01,HAMESHAR,20.0
1999-01-01,HAMESHAR,2.0
2000-01-01,HAMESHAR,27.0
2001-01-01,HAMESHAR,10.0
2002-01-01,HAMESHAR,21.0
2003-01-01,HAMESHAR,27.0
2004-01-01,HAMESHAR,37.0
2005-01-01,HAMESHAR,13.0
2006-01-01,HAMESHAR,15.0
2007-01-01,HAMESHAR,30.0
2008-01-01,HAMESHAR,7.0
2009-01-01,HAMESHAR,35.83064516129032
2010-01-01,HAMESHAR,35.83064516129032
2011-01-01,HAMESHAR,35.83064516129032
2012-01-01,HAMESHAR,22.0
2013-01-01,HAMESHAR,43.0
2014-01-01,HAMESHAR,38.0
2015-01-01,HAMESHAR,44.0
2016-01-01,HAMESHAR,22.0
2017-01-01,HAMESHAR,54.0
2018-01-01,HAMESHAR,79.0
2019-01-01,HAMESHAR,102.5
2020-01-01,HAMESHAR,11.5
2021-01-01,HAMESHAR,33.0
1949-01-01,HAMAKHTESH HAGADOL,
1950-01-01,HAMAKHTESH HAGADOL,
1951-01-01,HAMAKHTESH HAGADOL,
1952-01-01,HAMAKHTESH HAGADOL,
1953-01-01,HAMAKHTESH HAGADOL,
1954-01-01,HAMAKHTESH HAGADOL,
1955-01-01,HAMAKHTESH HAGADOL,
1956-01-01,HAMAKHTESH HAGADOL,
1957-01-01,HAMAKHTESH HAGADOL,
1958-01-01,HAMAKHTESH HAGADOL,
1959-01-01,HAMAKHTESH HAGADOL,
1960-01-01,HAMAKHTESH HAGADOL,
1961-01-01,HAMAKHTESH HAGADOL,56.0
1962-01-01,HAMAKHTESH HAGADOL,39.0
1963-01-01,HAMAKHTESH HAGADOL,118.0
1964-01-01,HAMAKHTESH HAGADOL,102.0
1965-01-01,HAMAKHTESH HAGADOL,70.6
1966-01-01,HAMAKHTESH HAGADOL,95.8
1967-01-01,HAMAKHTESH HAGADOL,77.5
1968-01-01,HAMAKHTESH HAGADOL,108.5
1969-01-01,HAMAKHTESH HAGADOL,79.02456140350877
1970-01-01,HAMAKHTESH HAGADOL,119.5
1971-01-01,HAMAKHTESH HAGADOL,35.0
1972-01-01,HAMAKHTESH HAGADOL,35.0
1973-01-01,HAMAKHTESH HAGADOL,158.0
1974-01-01,HAMAKHTESH HAGADOL,75.0
1975-01-01,HAMAKHTESH HAGADOL,62.0
1976-01-01,HAMAKHTESH HAGADOL,65.0
1977-01-01,HAMAKHTESH HAGADOL,53.0
1978-01-01,HAMAKHTESH HAGADOL,85.0
1979-01-01,HAMAKHTESH HAGADOL,174.0
1980-01-01,HAMAKHTESH HAGADOL,159.0
1981-01-01,HAMAKHTESH HAGADOL,60.0
1982-01-01,HAMAKHTESH HAGADOL,130.0
1983-01-01,HAMAKHTESH HAGADOL,47.0
1984-01-01,HAMAKHTESH HAGADOL,79.02456140350877
1985-01-01,HAMAKHTESH HAGADOL,134.0
1986-01-01,HAMAKHTESH HAGADOL,71.5
1987-01-01,HAMAKHTESH HAGADOL,102.0
1988-01-01,HAMAKHTESH HAGADOL,84.0
1989-01-01,HAMAKHTESH HAGADOL,83.0
1990-01-01,HAMAKHTESH HAGADOL,132.0
1991-01-01,HAMAKHTESH HAGADOL,135.0
1992-01-01,HAMAKHTESH HAGADOL,57.0
1993-01-01,HAMAKHTESH HAGADOL,60.0
1994-01-01,HAMAKHTESH HAGADOL,158.0
1995-01-01,HAMAKHTESH HAGADOL,40.0
1996-01-01,HAMAKHTESH HAGADOL,89.0
1997-01-01,HAMAKHTESH HAGADOL,101.0
1998-01-01,HAMAKHTESH HAGADOL,79.02456140350877
1999-01-01,HAMAKHTESH HAGADOL,25.0
2000-01-01,HAMAKHTESH HAGADOL,73.0
2001-01-01,HAMAKHTESH HAGADOL,51.0
2002-01-01,HAMAKHTESH HAGADOL,62.0
2003-01-01,HAMAKHTESH HAGADOL,53.0
2004-01-01,HAMAKHTESH HAGADOL,79.02456140350877
2005-01-01,HAMAKHTESH HAGADOL,43.0
2006-01-01,HAMAKHTESH HAGADOL,97.0
2007-01-01,HAMAKHTESH HAGADOL,52.0
2008-01-01,HAMAKHTESH HAGADOL,27.0
2009-01-01,HAMAKHTESH HAGADOL,126.0
2010-01-01,HAMAKHTESH HAGADOL,34.0
2011-01-01,HAMAKHTESH HAGADOL,28.0
2012-01-01,HAMAKHTESH HAGADOL,62.0
2013-01-01,HAMAKHTESH HAGADOL,84.0
2014-01-01,HAMAKHTESH HAGADOL,103.0
2015-01-01,HAMAKHTESH HAGADOL,72.0
2016-01-01,HAMAKHTESH HAGADOL,29.0
2017-01-01,HAMAKHTESH HAGADOL,123.5
2018-01-01,HAMAKHTESH HAGADOL,51.5
2019-01-01,HAMAKHTESH HAGADOL,87.0
2020-01-01,HAMAKHTESH HAGADOL,20.0
2021-01-01,HAMAKHTESH HAGADOL,30.0
1949-01-01,HAMAKHTESH HAGADOL WEST RIM,
1950-01-01,HAMAKHTESH HAGADOL WEST RIM,
1951-01-01,HAMAKHTESH HAGADOL WEST RIM,
1952-01-01,HAMAKHTESH HAGADOL WEST RIM,
1953-01-01,HAMAKHTESH HAGADOL WEST RIM,
1954-01-01,HAMAKHTESH HAGADOL WEST RIM,
1955-01-01,HAMAKHTESH HAGADOL WEST RIM,
1956-01-01,HAMAKHTESH HAGADOL WEST RIM,
1957-01-01,HAMAKHTESH HAGADOL WEST RIM,
1958-01-01,HAMAKHTESH HAGADOL WEST RIM,
1959-01-01,HAMAKHTESH HAGADOL WEST RIM,
1960-01-01,HAMAKHTESH HAGADOL WEST RIM,
1961-01-01,HAMAKHTESH HAGADOL WEST RIM,80.0
1962-01-01,HAMAKHTESH HAGADOL WEST RIM,45.0
1963-01-01,HAMAKHTESH HAGADOL WEST RIM,207.0
1964-01-01,HAMAKHTESH HAGADOL WEST RIM,148.0
1965-01-01,HAMAKHTESH HAGADOL WEST RIM,81.0
1966-01-01,HAMAKHTESH HAGADOL WEST RIM,115.7
1967-01-01,HAMAKHTESH HAGADOL WEST RIM,95.5
1968-01-01,HAMAKHTESH HAGADOL WEST RIM,84.0
1969-01-01,HAMAKHTESH HAGADOL WEST RIM,103.17636363636363
1970-01-01,HAMAKHTESH HAGADOL WEST RIM,150.0
1971-01-01,HAMAKHTESH HAGADOL WEST RIM,44.0
1972-01-01,HAMAKHTESH HAGADOL WEST RIM,44.0
1973-01-01,HAMAKHTESH HAGADOL WEST RIM,158.0
1974-01-01,HAMAKHTESH HAGADOL WEST RIM,96.0
1975-01-01,HAMAKHTESH HAGADOL WEST RIM,82.5
1976-01-01,HAMAKHTESH HAGADOL WEST RIM,99.0
1977-01-01,HAMAKHTESH HAGADOL WEST RIM,52.0
1978-01-01,HAMAKHTESH HAGADOL WEST RIM,107.0
1979-01-01,HAMAKHTESH HAGADOL WEST RIM,197.0
1980-01-01,HAMAKHTESH HAGADOL WEST RIM,160.0
1981-01-01,HAMAKHTESH HAGADOL WEST RIM,85.0
1982-01-01,HAMAKHTESH HAGADOL WEST RIM,158.0
1983-01-01,HAMAKHTESH HAGADOL WEST RIM,103.17636363636363
1984-01-01,HAMAKHTESH HAGADOL WEST RIM,103.17636363636363
1985-01-01,HAMAKHTESH HAGADOL WEST RIM,103.17636363636363
1986-01-01,HAMAKHTESH HAGADOL WEST RIM,103.17636363636363
1987-01-01,HAMAKHTESH HAGADOL WEST RIM,138.0
1988-01-01,HAMAKHTESH HAGADOL WEST RIM,107.0
1989-01-01,HAMAKHTESH HAGADOL WEST RIM,134.0
1990-01-01,HAMAKHTESH HAGADOL WEST RIM,150.0
1991-01-01,HAMAKHTESH HAGADOL WEST RIM,197.0
1992-01-01,HAMAKHTESH HAGADOL WEST RIM,81.0
1993-01-01,HAMAKHTESH HAGADOL WEST RIM,80.0
1994-01-01,HAMAKHTESH HAGADOL WEST RIM,175.0
1995-01-01,HAMAKHTESH HAGADOL WEST RIM,42.0
1996-01-01,HAMAKHTESH HAGADOL WEST RIM,104.0
1997-01-01,HAMAKHTESH HAGADOL WEST RIM,124.0
1998-01-01,HAMAKHTESH HAGADOL WEST RIM,43.0
1999-01-01,HAMAKHTESH HAGADOL WEST RIM,39.0
2000-01-01,HAMAKHTESH HAGADOL WEST RIM,124.0
2001-01-01,HAMAKHTESH HAGADOL WEST RIM,100.0
2002-01-01,HAMAKHTESH HAGADOL WEST RIM,90.0
2003-01-01,HAMAKHTESH HAGADOL WEST RIM,101.0
2004-01-01,HAMAKHTESH HAGADOL WEST RIM,133.0
2005-01-01,HAMAKHTESH HAGADOL WEST RIM,73.0
2006-01-01,HAMAKHTESH HAGADOL WEST RIM,125.0
2007-01-01,HAMAKHTESH HAGADOL WEST RIM,67.0
2008-01-01,HAMAKHTESH HAGADOL WEST RIM,43.0
2009-01-01,HAMAKHTESH HAGADOL WEST RIM,148.0
2010-01-01,HAMAKHTESH HAGADOL WEST RIM,103.17636363636363
2011-01-01,HAMAKHTESH HAGADOL WEST RIM,58.0
2012-01-01,HAMAKHTESH HAGADOL WEST RIM,96.0
2013-01-01,HAMAKHTESH HAGADOL WEST RIM,100.0
2014-01-01,HAMAKHTESH HAGADOL WEST RIM,167.0
2015-01-01,HAMAKHTESH HAGADOL WEST RIM,104.0
2016-01-01,HAMAKHTESH HAGADOL WEST RIM,49.0
2017-01-01,HAMAKHTESH HAGADOL WEST RIM,70.5
2018-01-01,HAMAKHTESH HAGADOL WEST RIM,72.0
2019-01-01,HAMAKHTESH HAGADOL WEST RIM,164.5
2020-01-01,HAMAKHTESH HAGADOL WEST RIM,32.0
2021-01-01,HAMAKHTESH HAGADOL WEST RIM,55.0
1949-01-01,ENGEDIRDOPPMEZADA,
1950-01-01,ENGEDIRDOPPMEZADA,
1951-01-01,ENGEDIRDOPPMEZADA,
1952-01-01,ENGEDIRDOPPMEZADA,
1953-01-01,ENGEDIRDOPPMEZADA,
1954-01-01,ENGEDIRDOPPMEZADA,
1955-01-01,ENGEDIRDOPPMEZADA,84.0
1956-01-01,ENGEDIRDOPPMEZADA,156.0
1957-01-01,ENGEDIRDOPPMEZADA,45.237096774193546
1958-01-01,ENGEDIRDOPPMEZADA,18.0
1959-01-01,ENGEDIRDOPPMEZADA,39.0
1960-01-01,ENGEDIRDOPPMEZADA,74.0
1961-01-01,ENGEDIRDOPPMEZADA,48.0
1962-01-01,ENGEDIRDOPPMEZADA,30.0
1963-01-01,ENGEDIRDOPPMEZADA,71.0
1964-01-01,ENGEDIRDOPPMEZADA,77.0
1965-01-01,ENGEDIRDOPPMEZADA,30.5
1966-01-01,ENGEDIRDOPPMEZADA,32.6
1967-01-01,ENGEDIRDOPPMEZADA,37.6
1968-01-01,ENGEDIRDOPPMEZADA,39.0
1969-01-01,ENGEDIRDOPPMEZADA,45.237096774193546
1970-01-01,ENGEDIRDOPPMEZADA,54.5
1971-01-01,ENGEDIRDOPPMEZADA,68.0
1972-01-01,ENGEDIRDOPPMEZADA,87.0
1973-01-01,ENGEDIRDOPPMEZADA,87.0
1974-01-01,ENGEDIRDOPPMEZADA,54.0
1975-01-01,ENGEDIRDOPPMEZADA,44.0
1976-01-01,ENGEDIRDOPPMEZADA,16.0
1977-01-01,ENGEDIRDOPPMEZADA,22.0
1978-01-01,ENGEDIRDOPPMEZADA,5.0
1979-01-01,ENGEDIRDOPPMEZADA,75.0
1980-01-01,ENGEDIRDOPPMEZADA,86.0
1981-01-01,ENGEDIRDOPPMEZADA,41.0
1982-01-01,ENGEDIRDOPPMEZADA,31.0
1983-01-01,ENGEDIRDOPPMEZADA,9.0
1984-01-01,ENGEDIRDOPPMEZADA,50.0
1985-01-01,ENGEDIRDOPPMEZADA,39.0
1986-01-01,ENGEDIRDOPPMEZADA,35.0
1987-01-01,ENGEDIRDOPPMEZADA,46.0
1988-01-01,ENGEDIRDOPPMEZADA,46.0
1989-01-01,ENGEDIRDOPPMEZADA,80.0
1990-01-01,ENGEDIRDOPPMEZADA,44.0
1991-01-01,ENGEDIRDOPPMEZADA,40.0
1992-01-01,ENGEDIRDOPPMEZADA,16.0
1993-01-01,ENGEDIRDOPPMEZADA,57.0
1994-01-01,ENGEDIRDOPPMEZADA,31.0
1995-01-01,ENGEDIRDOPPMEZADA,50.0
1996-01-01,ENGEDIRDOPPMEZADA,47.0
1997-01-01,ENGEDIRDOPPMEZADA,58.0
1998-01-01,ENGEDIRDOPPMEZADA,15.0
1999-01-01,ENGEDIRDOPPMEZADA,6.0
2000-01-01,ENGEDIRDOPPMEZADA,25.0
2001-01-01,ENGEDIRDOPPMEZADA,27.0
2002-01-01,ENGEDIRDOPPMEZADA,29.0
2003-01-01,ENGEDIRDOPPMEZADA,87.0
2004-01-01,ENGEDIRDOPPMEZADA,80.0
2005-01-01,ENGEDIRDOPPMEZADA,23.0
2006-01-01,ENGEDIRDOPPMEZADA,31.0
2007-01-01,ENGEDIRDOPPMEZADA,27.0
2008-01-01,ENGEDIRDOPPMEZADA,25.0
2009-01-01,ENGEDIRDOPPMEZADA,45.237096774193546
2010-01-01,ENGEDIRDOPPMEZADA,45.237096774193546
2011-01-01,ENGEDIRDOPPMEZADA,19.0
2012-01-01,ENGEDIRDOPPMEZADA,29.0
2013-01-01,ENGEDIRDOPPMEZADA,58.0
2014-01-01,ENGEDIRDOPPMEZADA,45.237096774193546
2015-01-01,ENGEDIRDOPPMEZADA,54.0
2016-01-01,ENGEDIRDOPPMEZADA,13.5
2017-01-01,ENGEDIRDOPPMEZADA,52.0
2018-01-01,ENGEDIRDOPPMEZADA,43.5
2019-01-01,ENGEDIRDOPPMEZADA,54.5
2020-01-01,ENGEDIRDOPPMEZADA,34.0
2021-01-01,ENGEDIRDOPPMEZADA,17.0
1949-01-01,BEER MENUHA KM 101,
1950-01-01,BEER MENUHA KM 101,
1951-01-01,BEER MENUHA KM 101,
1952-01-01,BEER MENUHA KM 101,
1953-01-01,BEER MENUHA KM 101,
1954-01-01,BEER MENUHA KM 101,
1955-01-01,BEER MENUHA KM 101,
1956-01-01,BEER MENUHA KM 101,
1957-01-01,BEER MENUHA KM 101,
1958-01-01,BEER MENUHA KM 101,17.0
1959-01-01,BEER MENUHA KM 101,9.0
1960-01-01,BEER MENUHA KM 101,27.0
1961-01-01,BEER MENUHA KM 101,48.0
1962-01-01,BEER MENUHA KM 101,27.0
1963-01-01,BEER MENUHA KM 101,37.0
1964-01-01,BEER MENUHA KM 101,75.0
1965-01-01,BEER MENUHA KM 101,34.0
1966-01-01,BEER MENUHA KM 101,26.0
1967-01-01,BEER MENUHA KM 101,40.0
1968-01-01,BEER MENUHA KM 101,65.0
1969-01-01,BEER MENUHA KM 101,0.0
1970-01-01,BEER MENUHA KM 101,45.0
1971-01-01,BEER MENUHA KM 101,57.0
1972-01-01,BEER MENUHA KM 101,14.0
1973-01-01,BEER MENUHA KM 101,33.0
1974-01-01,BEER MENUHA KM 101,87.0
1975-01-01,BEER MENUHA KM 101,46.0
1976-01-01,BEER MENUHA KM 101,14.0
1977-01-01,BEER MENUHA KM 101,20.5
1978-01-01,BEER MENUHA KM 101,28.0
1979-01-01,BEER MENUHA KM 101,23.0
1980-01-01,BEER MENUHA KM 101,51.0
1981-01-01,BEER MENUHA KM 101,18.0
1982-01-01,BEER MENUHA KM 101,47.0
1983-01-01,BEER MENUHA KM 101,3.0
1984-01-01,BEER MENUHA KM 101,18.0
1985-01-01,BEER MENUHA KM 101,59.0
1986-01-01,BEER MENUHA KM 101,26.0
1987-01-01,BEER MENUHA KM 101,21.0
1988-01-01,BEER MENUHA KM 101,36.0
1989-01-01,BEER MENUHA KM 101,37.0
1990-01-01,BEER MENUHA KM 101,43.0
1991-01-01,BEER MENUHA KM 101,30.0
1992-01-01,BEER MENUHA KM 101,18.0
1993-01-01,BEER MENUHA KM 101,62.0
1994-01-01,BEER MENUHA KM 101,70.0
1995-01-01,BEER MENUHA KM 101,21.0
1996-01-01,BEER MENUHA KM 101,34.0
1997-01-01,BEER MENUHA KM 101,47.0
1998-01-01,BEER MENUHA KM 101,19.0
1999-01-01,BEER MENUHA KM 101,2.0
2000-01-01,BEER MENUHA KM 101,24.0
2001-01-01,BEER MENUHA KM 101,6.0
2002-01-01,BEER MENUHA KM 101,6.0
2003-01-01,BEER MENUHA KM 101,26.0
2004-01-01,BEER MENUHA KM 101,22.0
2005-01-01,BEER MENUHA KM 101,12.0
2006-01-01,BEER MENUHA KM 101,25.0
2007-01-01,BEER MENUHA KM 101,22.0
2008-01-01,BEER MENUHA KM 101,25.0
2009-01-01,BEER MENUHA KM 101,50.0
2010-01-01,BEER MENUHA KM 101,22.0
2011-01-01,BEER MENUHA KM 101,8.0
2012-01-01,BEER MENUHA KM 101,22.0
2013-01-01,BEER MENUHA KM 101,77.0
2014-01-01,BEER MENUHA KM 101,27.0
2015-01-01,BEER MENUHA KM 101,44.0
2016-01-01,BEER MENUHA KM 101,36.5
2017-01-01,BEER MENUHA KM 101,23.5
2018-01-01,BEER MENUHA KM 101,29.5
2019-01-01,BEER MENUHA KM 101,116.5
2020-01-01,BEER MENUHA KM 101,5.5
2021-01-01,BEER MENUHA KM 101,16.0
1949-01-01,ASHALIM NIZZANA ROAD KM 53,
1950-01-01,ASHALIM NIZZANA ROAD KM 53,
1951-01-01,ASHALIM NIZZANA ROAD KM 53,
1952-01-01,ASHALIM NIZZANA ROAD KM 53,
1953-01-01,ASHALIM NIZZANA ROAD KM 53,
1954-01-01,ASHALIM NIZZANA ROAD KM 53,
1955-01-01,ASHALIM NIZZANA ROAD KM 53,
1956-01-01,ASHALIM NIZZANA ROAD KM 53,
1957-01-01,ASHALIM NIZZANA ROAD KM 53,
1958-01-01,ASHALIM NIZZANA ROAD KM 53,91.0
1959-01-01,ASHALIM NIZZANA ROAD KM 53,63.0
1960-01-01,ASHALIM NIZZANA ROAD KM 53,91.0
1961-01-01,ASHALIM NIZZANA ROAD KM 53,50.0
1962-01-01,ASHALIM NIZZANA ROAD KM 53,26.0
1963-01-01,ASHALIM NIZZANA ROAD KM 53,128.0
1964-01-01,ASHALIM NIZZANA ROAD KM 53,178.0
1965-01-01,ASHALIM NIZZANA ROAD KM 53,62.0
1966-01-01,ASHALIM NIZZANA ROAD KM 53,113.0
1967-01-01,ASHALIM NIZZANA ROAD KM 53,77.0
1968-01-01,ASHALIM NIZZANA ROAD KM 53,91.0
1969-01-01,ASHALIM NIZZANA ROAD KM 53,57.0
1970-01-01,ASHALIM NIZZANA ROAD KM 53,141.0
1971-01-01,ASHALIM NIZZANA ROAD KM 53,151.0
1972-01-01,ASHALIM NIZZANA ROAD KM 53,48.0
1973-01-01,ASHALIM NIZZANA ROAD KM 53,122.0
1974-01-01,ASHALIM NIZZANA ROAD KM 53,95.0
1975-01-01,ASHALIM NIZZANA ROAD KM 53,80.0
1976-01-01,ASHALIM NIZZANA ROAD KM 53,64.0
1977-01-01,ASHALIM NIZZANA ROAD KM 53,45.0
1978-01-01,ASHALIM NIZZANA ROAD KM 53,81.0
1979-01-01,ASHALIM NIZZANA ROAD KM 53,141.0
1980-01-01,ASHALIM NIZZANA ROAD KM 53,102.0
1981-01-01,ASHALIM NIZZANA ROAD KM 53,85.0
1982-01-01,ASHALIM NIZZANA ROAD KM 53,117.0
1983-01-01,ASHALIM NIZZANA ROAD KM 53,58.0
1984-01-01,ASHALIM NIZZANA ROAD KM 53,66.0
1985-01-01,ASHALIM NIZZANA ROAD KM 53,78.0
1986-01-01,ASHALIM NIZZANA ROAD KM 53,83.0
1987-01-01,ASHALIM NIZZANA ROAD KM 53,118.0
1988-01-01,ASHALIM NIZZANA ROAD KM 53,116.0
1989-01-01,ASHALIM NIZZANA ROAD KM 53,94.0
1990-01-01,ASHALIM NIZZANA ROAD KM 53,165.0
1991-01-01,ASHALIM NIZZANA ROAD KM 53,153.0
1992-01-01,ASHALIM NIZZANA ROAD KM 53,124.0
1993-01-01,ASHALIM NIZZANA ROAD KM 53,49.0
1994-01-01,ASHALIM NIZZANA ROAD KM 53,152.0
1995-01-01,ASHALIM NIZZANA ROAD KM 53,25.0
1996-01-01,ASHALIM NIZZANA ROAD KM 53,102.0
1997-01-01,ASHALIM NIZZANA ROAD KM 53,83.0
1998-01-01,ASHALIM NIZZANA ROAD KM 53,32.0
1999-01-01,ASHALIM NIZZANA ROAD KM 53,46.0
2000-01-01,ASHALIM NIZZANA ROAD KM 53,85.0
2001-01-01,ASHALIM NIZZANA ROAD KM 53,75.0
2002-01-01,ASHALIM NIZZANA ROAD KM 53,99.0
2003-01-01,ASHALIM NIZZANA ROAD KM 53,71.0
2004-01-01,ASHALIM NIZZANA ROAD KM 53,81.0
2005-01-01,ASHALIM NIZZANA ROAD KM 53,48.0
2006-01-01,ASHALIM NIZZANA ROAD KM 53,111.0
2007-01-01,ASHALIM NIZZANA ROAD KM 53,46.0
2008-01-01,ASHALIM NIZZANA ROAD KM 53,61.0
2009-01-01,ASHALIM NIZZANA ROAD KM 53,145.0
2010-01-01,ASHALIM NIZZANA ROAD KM 53,36.0
2011-01-01,ASHALIM NIZZANA ROAD KM 53,26.0
2012-01-01,ASHALIM NIZZANA ROAD KM 53,102.0
2013-01-01,ASHALIM NIZZANA ROAD KM 53,75.0
2014-01-01,ASHALIM NIZZANA ROAD KM 53,115.0
2015-01-01,ASHALIM NIZZANA ROAD KM 53,83.0
2016-01-01,ASHALIM NIZZANA ROAD KM 53,41.5
2017-01-01,ASHALIM NIZZANA ROAD KM 53,82.0
2018-01-01,ASHALIM NIZZANA ROAD KM 53,67.5
2019-01-01,ASHALIM NIZZANA ROAD KM 53,122.5
2020-01-01,ASHALIM NIZZANA ROAD KM 53,38.0
2021-01-01,ASHALIM NIZZANA ROAD KM 53,55.0
1949-01-01,ARVAT YAFRUQ KM 825,72.0
1950-01-01,ARVAT YAFRUQ KM 825,30.5
1951-01-01,ARVAT YAFRUQ KM 825,38.5
1952-01-01,ARVAT YAFRUQ KM 825,44.5
1953-01-01,ARVAT YAFRUQ KM 825,48.0
1954-01-01,ARVAT YAFRUQ KM 825,23.0
1955-01-01,ARVAT YAFRUQ KM 825,40.0
1956-01-01,ARVAT YAFRUQ KM 825,68.0
1957-01-01,ARVAT YAFRUQ KM 825,25.0
1958-01-01,ARVAT YAFRUQ KM 825,15.0
1959-01-01,ARVAT YAFRUQ KM 825,9.0
1960-01-01,ARVAT YAFRUQ KM 825,37.0
1961-01-01,ARVAT YAFRUQ KM 825,31.0
1962-01-01,ARVAT YAFRUQ KM 825,10.0
1963-01-01,ARVAT YAFRUQ KM 825,30.0
1964-01-01,ARVAT YAFRUQ KM 825,87.0
1965-01-01,ARVAT YAFRUQ KM 825,51.0
1966-01-01,ARVAT YAFRUQ KM 825,15.0
1967-01-01,ARVAT YAFRUQ KM 825,13.0
1968-01-01,ARVAT YAFRUQ KM 825,42.0
1969-01-01,ARVAT YAFRUQ KM 825,8.0
1970-01-01,ARVAT YAFRUQ KM 825,33.0
1971-01-01,ARVAT YAFRUQ KM 825,57.0
1972-01-01,ARVAT YAFRUQ KM 825,13.0
1973-01-01,ARVAT YAFRUQ KM 825,34.0
1974-01-01,ARVAT YAFRUQ KM 825,82.0
1975-01-01,ARVAT YAFRUQ KM 825,39.0
1976-01-01,ARVAT YAFRUQ KM 825,23.0
1977-01-01,ARVAT YAFRUQ KM 825,8.0
1978-01-01,ARVAT YAFRUQ KM 825,29.0
1979-01-01,ARVAT YAFRUQ KM 825,22.0
1980-01-01,ARVAT YAFRUQ KM 825,47.0
1981-01-01,ARVAT YAFRUQ KM 825,25.0
1982-01-01,ARVAT YAFRUQ KM 825,47.0
1983-01-01,ARVAT YAFRUQ KM 825,13.0
1984-01-01,ARVAT YAFRUQ KM 825,26.0
1985-01-01,ARVAT YAFRUQ KM 825,30.0
1986-01-01,ARVAT YAFRUQ KM 825,27.0
1987-01-01,ARVAT YAFRUQ KM 825,74.0
1988-01-01,ARVAT YAFRUQ KM 825,58.0
1989-01-01,ARVAT YAFRUQ KM 825,20.0
1990-01-01,ARVAT YAFRUQ KM 825,25.0
1991-01-01,ARVAT YAFRUQ KM 825,28.0
1992-01-01,ARVAT YAFRUQ KM 825,29.0
1993-01-01,ARVAT YAFRUQ KM 825,50.0
1994-01-01,ARVAT YAFRUQ KM 825,44.0
1995-01-01,ARVAT YAFRUQ KM 825,9.0
1996-01-01,ARVAT YAFRUQ KM 825,19.0
1997-01-01,ARVAT YAFRUQ KM 825,38.0
1998-01-01,ARVAT YAFRUQ KM 825,28.0
1999-01-01,ARVAT YAFRUQ KM 825,1.0
2000-01-01,ARVAT YAFRUQ KM 825,29.0
2001-01-01,ARVAT YAFRUQ KM 825,7.0
2002-01-01,ARVAT YAFRUQ KM 825,13.0
2003-01-01,ARVAT YAFRUQ KM 825,21.0
2004-01-01,ARVAT YAFRUQ KM 825,15.0
2005-01-01,ARVAT YAFRUQ KM 825,15.0
2006-01-01,ARVAT YAFRUQ KM 825,16.0
2007-01-01,ARVAT YAFRUQ KM 825,19.0
2008-01-01,ARVAT YAFRUQ KM 825,8.0
2009-01-01,ARVAT YAFRUQ KM 825,31.94776119402985
2010-01-01,ARVAT YAFRUQ KM 825,31.94776119402985
2011-01-01,ARVAT YAFRUQ KM 825,31.94776119402985
2012-01-01,ARVAT YAFRUQ KM 825,31.94776119402985
2013-01-01,ARVAT YAFRUQ KM 825,31.94776119402985
2014-01-01,ARVAT YAFRUQ KM 825,29.0
2015-01-01,ARVAT YAFRUQ KM 825,53.0
2016-01-01,ARVAT YAFRUQ KM 825,37.5
2017-01-01,ARVAT YAFRUQ KM 825,26.5
2018-01-01,ARVAT YAFRUQ KM 825,24.5
2019-01-01,ARVAT YAFRUQ KM 825,82.5
2020-01-01,ARVAT YAFRUQ KM 825,31.94776119402985
2021-01-01,ARVAT YAFRUQ KM 825,29.0
